reset_sources=0 backfilled_artifacts=0 cleared_stale_games=0 event='database_backfill_and_rescan_completed' logger='daad_harvester.db' level='info' timestamp='2026-08-19T10:55:08.584183Z'
phase='discover' db_path='/home/ubuntu/DAAD-harvester/preservation_corpus/state.db' event='starting_daad_harvester' logger='daad_harvester.cli' level='info' timestamp='2026-08-19T10:55:08.584564Z'
event='executing_phase_discover' logger='daad_harvester.cli' level='info' timestamp='2026-08-19T10:55:08.585292Z'
event='starting_discovery_phase' logger='daad_harvester.discover' level='info' timestamp='2026-08-19T10:55:08.585814Z'
url='https://archive.org/advancedsearch.php?q=title%3A%28%22Aventuras+AD%22%29+AND+mediatype%3Asoftware&fl%5B%5D=identifier&fl%5B%5D=title&rows=50&page=1&output=json' attempt=1 event='fetching_discovery_url' logger='daad_harvester.discover' level='info' timestamp='2026-08-19T10:55:08.794696Z'
url='https://aminet.net/search?query=daad' attempt=1 event='fetching_discovery_url' logger='daad_harvester.discover' level='info' timestamp='2026-08-19T10:55:08.820282Z'
url='https://csdb.dk/search/?search=daad' attempt=1 event='fetching_discovery_url' logger='daad_harvester.discover' level='info' timestamp='2026-08-19T10:55:08.820814Z'
url='https://plus4world.powweb.com/search/notes/DAAD' attempt=1 event='fetching_discovery_url' logger='daad_harvester.discover' level='info' timestamp='2026-08-19T10:55:08.821081Z'
url='https://www.generation-msx.nl/company/aventuras-ad/292/software/' attempt=1 event='fetching_discovery_url' logger='daad_harvester.discover' level='info' timestamp='2026-08-19T10:55:08.821414Z'
url='https://computeremuzone.com/engine/daad?l=en' attempt=1 event='fetching_discovery_url' logger='daad_harvester.discover' level='info' timestamp='2026-08-19T10:55:08.821669Z'
url='https://www.atarimania.com/game-atari-st-aventura-espacial-la_9246.html' attempt=1 event='fetching_discovery_url' logger='daad_harvester.discover' level='info' timestamp='2026-08-19T10:55:08.821878Z'
url='https://api.github.com/search/repositories?q=%22DAAD+Ready%22&sort=updated' attempt=1 event='fetching_discovery_url' logger='daad_harvester.discover' level='info' timestamp='2026-08-19T10:55:08.822098Z'
url='https://itch.io/games/tag-daad' attempt=1 event='fetching_discovery_url' logger='daad_harvester.discover' level='info' timestamp='2026-08-19T10:55:08.822273Z'
url='https://ifdb.org/search?searchfor=tag%3Adaad&xml=1' attempt=1 event='fetching_discovery_url' logger='daad_harvester.discover' level='info' timestamp='2026-08-19T10:55:08.822510Z'
url='https://api.zxinfo.dk/v3/search?query=DAAD&contenttype=SOFTWARE&mode=full&size=100' attempt=1 event='fetching_discovery_url' logger='daad_harvester.discover' level='info' timestamp='2026-08-19T10:55:08.822701Z'
url='https://wiki.caad.es/api.php?action=query&list=search&srsearch=DAAD&format=json' attempt=1 event='fetching_discovery_url' logger='daad_harvester.discover' level='info' timestamp='2026-08-19T10:55:08.822874Z'
url='https://worldofspectrum.org/archive/publishers/Aventuras-AD-SA' attempt=1 event='fetching_discovery_url' logger='daad_harvester.discover' level='info' timestamp='2026-08-19T10:55:08.823040Z'
url='https://html.duckduckgo.com/html/?q=DAAD%20adventure%20game%20download%20.dsk%20.tap%20.tzx%20.ddb' attempt=1 event='fetching_discovery_url' logger='daad_harvester.discover' level='info' timestamp='2026-08-19T10:55:08.823305Z'
HTTP Request: GET https://api.github.com/search/repositories?q=%22DAAD+Ready%22&sort=updated "HTTP/1.1 200 OK"
url='https://github.com/Utodev/DAAD-Ready/archive/refs/heads/master.zip' tier='api' title='DAAD-Ready' event='discovered_source' logger='daad_harvester.discover' level='info' timestamp='2026-08-19T10:55:09.127837Z'
url='https://github.com/DeadFleshRetro/DAAD-Tests/archive/refs/heads/main.zip' tier='api' title='DAAD-Tests' event='discovered_source' logger='daad_harvester.discover' level='info' timestamp='2026-08-19T10:55:09.128903Z'
url='https://github.com/terrex/aventurea/archive/refs/heads/main.zip' tier='api' title='aventurea' event='discovered_source' logger='daad_harvester.discover' level='info' timestamp='2026-08-19T10:55:09.129712Z'
url='https://api.github.com/search/repositories?q=daad+aventura&sort=updated' attempt=1 event='fetching_discovery_url' logger='daad_harvester.discover' level='info' timestamp='2026-08-19T10:55:09.823616Z'
HTTP Request: GET https://api.github.com/search/repositories?q=daad+aventura&sort=updated "HTTP/1.1 200 OK"
url='https://github.com/DjMorgul/guia_quill_paws_swan_daad/archive/refs/heads/main.zip' tier='api' title='guia_quill_paws_swan_daad' event='discovered_source' logger='daad_harvester.discover' level='info' timestamp='2026-08-19T10:55:10.107776Z'
url='https://github.com/Utodev/undaad/archive/refs/heads/master.zip' tier='api' title='undaad' event='discovered_source' logger='daad_harvester.discover' level='info' timestamp='2026-08-19T10:55:10.108775Z'
url='https://github.com/rockersuke/daad2msxcas/archive/refs/heads/master.zip' tier='api' title='daad2msxcas' event='discovered_source' logger='daad_harvester.discover' level='info' timestamp='2026-08-19T10:55:10.112493Z'
url='https://github.com/pedro-aznar/DAAD-Builder-Kit/archive/refs/heads/main.zip' tier='api' title='DAAD-Builder-Kit' event='discovered_source' logger='daad_harvester.discover' level='info' timestamp='2026-08-19T10:55:10.113536Z'
url='https://github.com/ricpelo/daad/archive/refs/heads/master.zip' tier='api' title='daad' event='discovered_source' logger='daad_harvester.discover' level='info' timestamp='2026-08-19T10:55:10.114132Z'
HTTP Request: GET https://plus4world.powweb.com/search/notes/DAAD "HTTP/1.1 200 OK"
url='https://plus4world.powweb.com/software/A_Case_Of_Murder' attempt=1 event='fetching_discovery_url' logger='daad_harvester.discover' level='info' timestamp='2026-08-19T10:55:10.455575Z'
HTTP Request: GET https://computeremuzone.com/engine/daad?l=en "HTTP/1.1 200 OK"
HTTP Request: GET https://ifdb.org/search?searchfor=tag%3Adaad&xml=1 "HTTP/1.1 200 OK"
url='https://ifdb.org/search?searchfor=tag%3Adaad+ready&xml=1' attempt=1 event='fetching_discovery_url' logger='daad_harvester.discover' level='info' timestamp='2026-08-19T10:55:10.756293Z'
HTTP Request: GET https://wiki.caad.es/api.php?action=query&list=search&srsearch=DAAD&format=json "HTTP/1.1 200 OK"
HTTP Request: GET https://itch.io/games/tag-daad "HTTP/1.1 200 OK"
url='https://api.github.com/search/repositories?q=topic%3Adaad&sort=updated' attempt=1 event='fetching_discovery_url' logger='daad_harvester.discover' level='info' timestamp='2026-08-19T10:55:10.958823Z'
url='https://wiki.caad.es/DAAD' attempt=1 event='fetching_discovery_url' logger='daad_harvester.discover' level='info' timestamp='2026-08-19T10:55:10.959523Z'
HTTP Request: GET https://www.atarimania.com/game-atari-st-aventura-espacial-la_9246.html "HTTP/1.1 200 OK"
url='https://nataliapc.itch.io/zakilwoodmsx2' attempt=1 event='fetching_discovery_url' logger='daad_harvester.discover' level='info' timestamp='2026-08-19T10:55:11.060649Z'
HTTP Request: GET https://archive.org/advancedsearch.php?q=title%3A%28%22Aventuras+AD%22%29+AND+mediatype%3Asoftware&fl%5B%5D=identifier&fl%5B%5D=title&rows=50&page=1&output=json "HTTP/1.1 200 OK"
url='https://archive.org/metadata/Aventura_Original_La_1989_Aventuras_AD_es_cpm_version' attempt=1 event='fetching_discovery_url' logger='daad_harvester.discover' level='info' timestamp='2026-08-19T10:55:11.063216Z'
HTTP Request: GET https://plus4world.powweb.com/software/A_Case_Of_Murder "HTTP/1.1 200 OK"
url='https://plus4world.powweb.com/home' event='skipping_non_artifact_source' logger='daad_harvester.discover' level='info' timestamp='2026-08-19T10:55:11.094401Z'
url='https://plus4world.powweb.com/search' event='skipping_non_artifact_source' logger='daad_harvester.discover' level='info' timestamp='2026-08-19T10:55:11.094592Z'
url='https://plus4world.powweb.com/games' event='skipping_non_artifact_source' logger='daad_harvester.discover' level='info' timestamp='2026-08-19T10:55:11.094664Z'
url='https://plus4world.powweb.com/tapes' event='skipping_non_artifact_source' logger='daad_harvester.discover' level='info' timestamp='2026-08-19T10:55:11.094731Z'
url='https://plus4world.powweb.com/covers' event='skipping_non_artifact_source' logger='daad_harvester.discover' level='info' timestamp='2026-08-19T10:55:11.094793Z'
url='https://plus4world.powweb.com/cheats' event='skipping_non_artifact_source' logger='daad_harvester.discover' level='info' timestamp='2026-08-19T10:55:11.094850Z'
url='https://plus4world.powweb.com/maps' event='skipping_non_artifact_source' logger='daad_harvester.discover' level='info' timestamp='2026-08-19T10:55:11.094902Z'
url='https://plus4world.powweb.com/sl/100' event='skipping_non_artifact_source' logger='daad_harvester.discover' level='info' timestamp='2026-08-19T10:55:11.094956Z'
url='https://plus4world.powweb.com/newstuff' event='skipping_non_artifact_source' logger='daad_harvester.discover' level='info' timestamp='2026-08-19T10:55:11.095009Z'
url='https://plus4world.powweb.com/halloffame' event='skipping_non_artifact_source' logger='daad_harvester.discover' level='info' timestamp='2026-08-19T10:55:11.095062Z'
url='https://plus4world.powweb.com/hvtc' event='skipping_non_artifact_source' logger='daad_harvester.discover' level='info' timestamp='2026-08-19T10:55:11.095116Z'
url='https://plus4world.powweb.com/gameendings' event='skipping_non_artifact_source' logger='daad_harvester.discover' level='info' timestamp='2026-08-19T10:55:11.095176Z'
url='https://plus4world.powweb.com/solutions' event='skipping_non_artifact_source' logger='daad_harvester.discover' level='info' timestamp='2026-08-19T10:55:11.095229Z'
url='https://plus4world.powweb.com/remakes' event='skipping_non_artifact_source' logger='daad_harvester.discover' level='info' timestamp='2026-08-19T10:55:11.095282Z'
url='https://plus4world.powweb.com/publications' event='skipping_non_artifact_source' logger='daad_harvester.discover' level='info' timestamp='2026-08-19T10:55:11.095334Z'
url='https://plus4world.powweb.com/mags' event='skipping_non_artifact_source' logger='daad_harvester.discover' level='info' timestamp='2026-08-19T10:55:11.095385Z'
url='https://plus4world.powweb.com/effects' event='skipping_non_artifact_source' logger='daad_harvester.discover' level='info' timestamp='2026-08-19T10:55:11.095498Z'
url='https://plus4world.powweb.com/toplist' event='skipping_non_artifact_source' logger='daad_harvester.discover' level='info' timestamp='2026-08-19T10:55:11.095576Z'
url='https://plus4world.powweb.com/members' event='skipping_non_artifact_source' logger='daad_harvester.discover' level='info' timestamp='2026-08-19T10:55:11.095633Z'
url='https://plus4world.powweb.com/groups' event='skipping_non_artifact_source' logger='daad_harvester.discover' level='info' timestamp='2026-08-19T10:55:11.095691Z'
url='https://plus4world.powweb.com/features' event='skipping_non_artifact_source' logger='daad_harvester.discover' level='info' timestamp='2026-08-19T10:55:11.095743Z'
url='https://plus4world.powweb.com/features/upload' event='skipping_non_artifact_source' logger='daad_harvester.discover' level='info' timestamp='2026-08-19T10:55:11.095801Z'
url='https://plus4world.powweb.com/plus4encyclopedia' event='skipping_non_artifact_source' logger='daad_harvester.discover' level='info' timestamp='2026-08-19T10:55:11.095862Z'
url='https://plus4world.powweb.com/hardware' event='skipping_non_artifact_source' logger='daad_harvester.discover' level='info' timestamp='2026-08-19T10:55:11.095929Z'
url='https://plus4world.powweb.com/tools' event='skipping_non_artifact_source' logger='daad_harvester.discover' level='info' timestamp='2026-08-19T10:55:11.095985Z'
url='https://plus4world.powweb.com/options' event='skipping_non_artifact_source' logger='daad_harvester.discover' level='info' timestamp='2026-08-19T10:55:11.096041Z'
url='https://plus4world.powweb.com/forum#pagetop' event='skipping_non_artifact_source' logger='daad_harvester.discover' level='info' timestamp='2026-08-19T10:55:11.096112Z'
url='https://plus4world.powweb.com/home' event='skipping_non_artifact_source' logger='daad_harvester.discover' level='info' timestamp='2026-08-19T10:55:11.096588Z'
url='https://plus4world.powweb.com/search' event='skipping_non_artifact_source' logger='daad_harvester.discover' level='info' timestamp='2026-08-19T10:55:11.096698Z'
url='https://plus4world.powweb.com/games' event='skipping_non_artifact_source' logger='daad_harvester.discover' level='info' timestamp='2026-08-19T10:55:11.096773Z'
url='https://plus4world.powweb.com/tapes' event='skipping_non_artifact_source' logger='daad_harvester.discover' level='info' timestamp='2026-08-19T10:55:11.096826Z'
url='https://plus4world.powweb.com/covers' event='skipping_non_artifact_source' logger='daad_harvester.discover' level='info' timestamp='2026-08-19T10:55:11.096872Z'
url='https://plus4world.powweb.com/cheats' event='skipping_non_artifact_source' logger='daad_harvester.discover' level='info' timestamp='2026-08-19T10:55:11.096915Z'
url='https://plus4world.powweb.com/maps' event='skipping_non_artifact_source' logger='daad_harvester.discover' level='info' timestamp='2026-08-19T10:55:11.096958Z'
url='https://plus4world.powweb.com/sl/100' event='skipping_non_artifact_source' logger='daad_harvester.discover' level='info' timestamp='2026-08-19T10:55:11.097050Z'
url='https://plus4world.powweb.com/newstuff' event='skipping_non_artifact_source' logger='daad_harvester.discover' level='info' timestamp='2026-08-19T10:55:11.097099Z'
url='https://plus4world.powweb.com/halloffame' event='skipping_non_artifact_source' logger='daad_harvester.discover' level='info' timestamp='2026-08-19T10:55:11.097147Z'
url='https://plus4world.powweb.com/hvtc' event='skipping_non_artifact_source' logger='daad_harvester.discover' level='info' timestamp='2026-08-19T10:55:11.097194Z'
url='https://plus4world.powweb.com/gameendings' event='skipping_non_artifact_source' logger='daad_harvester.discover' level='info' timestamp='2026-08-19T10:55:11.097248Z'
url='https://plus4world.powweb.com/solutions' event='skipping_non_artifact_source' logger='daad_harvester.discover' level='info' timestamp='2026-08-19T10:55:11.097304Z'
url='https://plus4world.powweb.com/remakes' event='skipping_non_artifact_source' logger='daad_harvester.discover' level='info' timestamp='2026-08-19T10:55:11.097360Z'
url='https://plus4world.powweb.com/publications' event='skipping_non_artifact_source' logger='daad_harvester.discover' level='info' timestamp='2026-08-19T10:55:11.097417Z'
url='https://plus4world.powweb.com/mags' event='skipping_non_artifact_source' logger='daad_harvester.discover' level='info' timestamp='2026-08-19T10:55:11.097520Z'
url='https://plus4world.powweb.com/effects' event='skipping_non_artifact_source' logger='daad_harvester.discover' level='info' timestamp='2026-08-19T10:55:11.097571Z'
url='https://plus4world.powweb.com/toplist' event='skipping_non_artifact_source' logger='daad_harvester.discover' level='info' timestamp='2026-08-19T10:55:11.097617Z'
url='https://plus4world.powweb.com/members' event='skipping_non_artifact_source' logger='daad_harvester.discover' level='info' timestamp='2026-08-19T10:55:11.097661Z'
url='https://plus4world.powweb.com/groups' event='skipping_non_artifact_source' logger='daad_harvester.discover' level='info' timestamp='2026-08-19T10:55:11.097706Z'
url='https://plus4world.powweb.com/features' event='skipping_non_artifact_source' logger='daad_harvester.discover' level='info' timestamp='2026-08-19T10:55:11.097750Z'
url='https://plus4world.powweb.com/features/upload' event='skipping_non_artifact_source' logger='daad_harvester.discover' level='info' timestamp='2026-08-19T10:55:11.097807Z'
url='https://plus4world.powweb.com/plus4encyclopedia' event='skipping_non_artifact_source' logger='daad_harvester.discover' level='info' timestamp='2026-08-19T10:55:11.097863Z'
url='https://plus4world.powweb.com/hardware' event='skipping_non_artifact_source' logger='daad_harvester.discover' level='info' timestamp='2026-08-19T10:55:11.097909Z'
url='https://plus4world.powweb.com/tools' event='skipping_non_artifact_source' logger='daad_harvester.discover' level='info' timestamp='2026-08-19T10:55:11.097953Z'
url='https://plus4world.powweb.com/options' event='skipping_non_artifact_source' logger='daad_harvester.discover' level='info' timestamp='2026-08-19T10:55:11.097997Z'
url='https://plus4world.powweb.com/forum#pagetop' event='skipping_non_artifact_source' logger='daad_harvester.discover' level='info' timestamp='2026-08-19T10:55:11.098056Z'
url='https://plus4world.powweb.com/login.php' event='skipping_non_artifact_source' logger='daad_harvester.discover' level='info' timestamp='2026-08-19T10:55:11.098113Z'
url='https://plus4world.powweb.com/series/Sam_Boon_Adventures' event='skipping_non_artifact_source' logger='daad_harvester.discover' level='info' timestamp='2026-08-19T10:55:11.098166Z'
url='https://plus4world.powweb.com/software/The_Dragnet_Case' event='skipping_non_artifact_source' logger='daad_harvester.discover' level='info' timestamp='2026-08-19T10:55:11.098220Z'
url='https://plus4world.powweb.com/software/The_Mystery_of_Markham_Manor' event='skipping_non_artifact_source' logger='daad_harvester.discover' level='info' timestamp='2026-08-19T10:55:11.098285Z'
url='https://plus4world.powweb.com/sl/102' event='skipping_non_artifact_source' logger='daad_harvester.discover' level='info' timestamp='2026-08-19T10:55:11.098345Z'
url='https://plus4world.powweb.com/sl/2023' event='skipping_non_artifact_source' logger='daad_harvester.discover' level='info' timestamp='2026-08-19T10:55:11.098397Z'
url='https://plus4world.powweb.com/play/a_case_of_murder_zip' event='skipping_non_artifact_source' logger='daad_harvester.discover' level='info' timestamp='2026-08-19T10:55:11.098478Z'
url='https://plus4world.powweb.com/members/EdToo' event='skipping_non_artifact_source' logger='daad_harvester.discover' level='info' timestamp='2026-08-19T10:55:11.098539Z'
url='https://plus4world.powweb.com/software/The_Mystery_of_Markham_Manor' event='skipping_non_artifact_source' logger='daad_harvester.discover' level='info' timestamp='2026-08-19T10:55:11.098588Z'
url='https://plus4world.powweb.com/dl/games/a/a_case_of_murder.zip' tier='archive' title='A Case Of Murder - Software Details - Plus/4 World' event='discovered_source' logger='daad_harvester.discover' level='info' timestamp='2026-08-19T10:55:11.099694Z'
url='https://plus4world.powweb.com/dl/games/a/a_case_of_murder.zip' event='skipping_duplicate_source' logger='daad_harvester.discover' level='info' timestamp='2026-08-19T10:55:11.099818Z'
url='http://c64.rulez.org/pub/plus4/Games/a/A_Case_Of_Murder.zip' tier='archive' title='A Case Of Murder - Software Details - Plus/4 World' event='discovered_source' logger='daad_harvester.discover' level='info' timestamp='2026-08-19T10:55:11.100685Z'
url='http://c64.rulez.org/pub/plus4/Games/a/A_Case_Of_Murder.zip' event='skipping_duplicate_source' logger='daad_harvester.discover' level='info' timestamp='2026-08-19T10:55:11.100777Z'
url='http://plus4.othersi.de/plus4/Games/a/A_Case_Of_Murder.zip' tier='archive' title='A Case Of Murder - Software Details - Plus/4 World' event='discovered_source' logger='daad_harvester.discover' level='info' timestamp='2026-08-19T10:55:11.101904Z'
url='http://plus4.othersi.de/plus4/Games/a/A_Case_Of_Murder.zip' event='skipping_duplicate_source' logger='daad_harvester.discover' level='info' timestamp='2026-08-19T10:55:11.102029Z'
url='http://www.zimmers.net/anonftp/pub/cbm/plus4/Games/misc/a/A_Case_Of_Murder.d64.gz' tier='archive' title='A Case Of Murder - Software Details - Plus/4 World' event='discovered_source' logger='daad_harvester.discover' level='info' timestamp='2026-08-19T10:55:11.102873Z'
url='http://www.zimmers.net/anonftp/pub/cbm/plus4/Games/misc/a/A_Case_Of_Murder.d64.gz' event='skipping_duplicate_source' logger='daad_harvester.discover' level='info' timestamp='2026-08-19T10:55:11.102961Z'
url='https://plus4world.powweb.com/software/A_Case_Of_Murder' event='skipping_non_artifact_source' logger='daad_harvester.discover' level='info' timestamp='2026-08-19T10:55:11.103013Z'
url='https://taskmastersoftware.itch.io/a-case-of-murder-re-re' event='skipping_non_artifact_source' logger='daad_harvester.discover' level='info' timestamp='2026-08-19T10:55:11.103076Z'
url='https://www.lemon64.com/game/case-of-murder' event='skipping_non_artifact_source' logger='daad_harvester.discover' level='info' timestamp='2026-08-19T10:55:11.103135Z'
url='https://plus4world.powweb.com/solutions' event='skipping_non_artifact_source' logger='daad_harvester.discover' level='info' timestamp='2026-08-19T10:55:11.103194Z'
url='https://patreon.com/plus4world' event='skipping_non_artifact_source' logger='daad_harvester.discover' level='info' timestamp='2026-08-19T10:55:11.103250Z'
HTTP Request: GET https://api.zxinfo.dk/v3/search?query=DAAD&contenttype=SOFTWARE&mode=full&size=100 "HTTP/1.1 200 OK"
HTTP Request: GET https://ifdb.org/search?searchfor=tag%3Adaad+ready&xml=1 "HTTP/1.1 200 OK"
HTTP Request: GET https://api.github.com/search/repositories?q=topic%3Adaad&sort=updated "HTTP/1.1 200 OK"
url='https://github.com/absent42/NextDAAD/archive/refs/heads/main.zip' tier='api' title='NextDAAD' event='discovered_source' logger='daad_harvester.discover' level='info' timestamp='2026-08-19T10:55:11.228390Z'
url='https://github.com/nataliapc/msx2daad/archive/refs/heads/master.zip' tier='api' title='msx2daad' event='discovered_source' logger='daad_harvester.discover' level='info' timestamp='2026-08-19T10:55:11.229557Z'
url='https://github.com/haseebcheema/daadminer/archive/refs/heads/master.zip' tier='api' title='daadminer' event='discovered_source' logger='daad_harvester.discover' level='info' timestamp='2026-08-19T10:55:11.230574Z'
url='https://github.com/pedro-aznar/DAAD-Builder-Kit/archive/refs/heads/main.zip' event='skipping_duplicate_source' logger='daad_harvester.discover' level='info' timestamp='2026-08-19T10:55:11.230733Z'
url='https://www.atarimania.com/game-atari-st-diosa-de-cozumel_9130.html' attempt=1 event='fetching_discovery_url' logger='daad_harvester.discover' level='info' timestamp='2026-08-19T10:55:11.269072Z'
HTTP Request: GET https://worldofspectrum.org/archive/publishers/Aventuras-AD-SA "HTTP/1.1 200 OK"
url='https://worldofspectrum.org/archive/software/text-adventures/chichen-itza-aventuras-ad-sa' attempt=1 event='fetching_discovery_url' logger='daad_harvester.discover' level='info' timestamp='2026-08-19T10:55:11.296702Z'
HTTP Request: GET https://www.generation-msx.nl/company/aventuras-ad/292/software/ "HTTP/1.1 301 Moved Permanently"
url='https://spectrumcomputing.co.uk/zxdb/sinclair/entries/0042546/CaseOfMurder128KA(Illustrated).dsk.zip' tier='api' title='A Case of Murder 128K' event='discovered_source' logger='daad_harvester.discover' level='info' timestamp='2026-08-19T10:55:11.352189Z'
url='https://spectrumcomputing.co.uk/zxdb/sinclair/entries/0042546/CaseOfMurder128KA(Illustrated).tap.zip' tier='api' title='A Case of Murder 128K' event='discovered_source' logger='daad_harvester.discover' level='info' timestamp='2026-08-19T10:55:11.353209Z'
url='https://spectrumcomputing.co.uk/zxdb/sinclair/entries/0042546/CaseOfMurder128KA(Illustrated).tzx.zip' tier='api' title='A Case of Murder 128K' event='discovered_source' logger='daad_harvester.discover' level='info' timestamp='2026-08-19T10:55:11.354087Z'
url='https://spectrumcomputing.co.uk/zxdb/sinclair/entries/0042546/CaseOfMurder128KA.tap.zip' tier='api' title='A Case of Murder 128K' event='discovered_source' logger='daad_harvester.discover' level='info' timestamp='2026-08-19T10:55:11.354947Z'
url='https://spectrumcomputing.co.uk/zxdb/sinclair/entries/0042546/CaseOfMurder128KA.tzx.zip' tier='api' title='A Case of Murder 128K' event='discovered_source' logger='daad_harvester.discover' level='info' timestamp='2026-08-19T10:55:11.355886Z'
url='https://spectrumcomputing.co.uk/zxdb/sinclair/entries/0042538/DragnetCaseRe-ReleaseThe.dsk.zip' tier='api' title='The Dragnet Case' event='discovered_source' logger='daad_harvester.discover' level='info' timestamp='2026-08-19T10:55:11.356875Z'
url='https://spectrumcomputing.co.uk/zxdb/sinclair/entries/0042538/DragnetCaseRe-ReleaseThe.tap.zip' tier='api' title='The Dragnet Case' event='discovered_source' logger='daad_harvester.discover' level='info' timestamp='2026-08-19T10:55:11.358098Z'
url='https://spectrumcomputing.co.uk/zxdb/sinclair/entries/0042538/DragnetCaseRe-ReleaseThe.tzx.zip' tier='api' title='The Dragnet Case' event='discovered_source' logger='daad_harvester.discover' level='info' timestamp='2026-08-19T10:55:11.359166Z'
url='https://spectrumcomputing.co.uk/zxdb/sinclair/entries/0036250/RevengeOfMoriarty(DAAD).dsk.zip' tier='api' title='The Revenge of Moriarty' event='discovered_source' logger='daad_harvester.discover' level='info' timestamp='2026-08-19T10:55:11.360132Z'
url='https://spectrumcomputing.co.uk/zxdb/sinclair/entries/0036250/RevengeOfMoriarty(DAAD).tap.zip' tier='api' title='The Revenge of Moriarty' event='discovered_source' logger='daad_harvester.discover' level='info' timestamp='2026-08-19T10:55:11.361176Z'
url='https://spectrumcomputing.co.uk/zxdb/sinclair/entries/0036250/RevengeOfMoriarty(DAAD).tzx.zip' tier='api' title='The Revenge of Moriarty' event='discovered_source' logger='daad_harvester.discover' level='info' timestamp='2026-08-19T10:55:11.362032Z'
url='https://api.zxinfo.dk/v3/search?query=Aventuras+AD&contenttype=SOFTWARE&mode=full&size=100' attempt=1 event='fetching_discovery_url' logger='daad_harvester.discover' level='info' timestamp='2026-08-19T10:55:11.362191Z'
HTTP Request: GET https://html.duckduckgo.com/html/?q=DAAD%20adventure%20game%20download%20.dsk%20.tap%20.tzx%20.ddb "HTTP/1.1 200 OK"
url='https://plus4world.powweb.com/software/Eight_Feet_Under' attempt=1 event='fetching_discovery_url' logger='daad_harvester.discover' level='info' timestamp='2026-08-19T10:55:11.457253Z'
url='https://github.com/daad-adventure-writer/daad' event='skipping_non_artifact_source' logger='daad_harvester.discover' level='info' timestamp='2026-08-19T10:55:11.535225Z'
url='https://github.com/daad-adventure-writer/daad' event='skipping_non_artifact_source' logger='daad_harvester.discover' level='info' timestamp='2026-08-19T10:55:11.535418Z'
url='https://github.com/jlcebrian/ADP/releases' event='skipping_non_artifact_source' logger='daad_harvester.discover' level='info' timestamp='2026-08-19T10:55:11.535520Z'
url='https://github.com/jlcebrian/ADP/releases' event='skipping_non_artifact_source' logger='daad_harvester.discover' level='info' timestamp='2026-08-19T10:55:11.535584Z'
url='https://adventure-player.com/' event='skipping_non_artifact_source' logger='daad_harvester.discover' level='info' timestamp='2026-08-19T10:55:11.535646Z'
url='https://adventure-player.com/' event='skipping_non_artifact_source' logger='daad_harvester.discover' level='info' timestamp='2026-08-19T10:55:11.535706Z'
url='https://itch.io/games/tag-daad' event='skipping_non_artifact_source' logger='daad_harvester.discover' level='info' timestamp='2026-08-19T10:55:11.535760Z'
url='https://itch.io/games/tag-daad' event='skipping_non_artifact_source' logger='daad_harvester.discover' level='info' timestamp='2026-08-19T10:55:11.535808Z'
url='https://uto.speccy.org/' event='skipping_non_artifact_source' logger='daad_harvester.discover' level='info' timestamp='2026-08-19T10:55:11.535861Z'
url='https://uto.speccy.org/' event='skipping_non_artifact_source' logger='daad_harvester.discover' level='info' timestamp='2026-08-19T10:55:11.535906Z'
url='https://www.ngpaws.com/' event='skipping_non_artifact_source' logger='daad_harvester.discover' level='info' timestamp='2026-08-19T10:55:11.535955Z'
url='https://www.ngpaws.com/' event='skipping_non_artifact_source' logger='daad_harvester.discover' level='info' timestamp='2026-08-19T10:55:11.536002Z'
url='https://mug-uk.co.uk/zx-spectrum-basic-listings/' event='skipping_non_artifact_source' logger='daad_harvester.discover' level='info' timestamp='2026-08-19T10:55:11.536059Z'
url='https://mug-uk.co.uk/zx-spectrum-basic-listings/' event='skipping_non_artifact_source' logger='daad_harvester.discover' level='info' timestamp='2026-08-19T10:55:11.536110Z'
url='https://www.lemon64.com/forum/viewtopic.php?t=69048' event='skipping_non_artifact_source' logger='daad_harvester.discover' level='info' timestamp='2026-08-19T10:55:11.536164Z'
url='https://www.lemon64.com/forum/viewtopic.php?t=69048' event='skipping_non_artifact_source' logger='daad_harvester.discover' level='info' timestamp='2026-08-19T10:55:11.536214Z'
url='https://itch.io/games/newest/tag-daad' event='skipping_non_artifact_source' logger='daad_harvester.discover' level='info' timestamp='2026-08-19T10:55:11.536277Z'
url='https://itch.io/games/newest/tag-daad' event='skipping_non_artifact_source' logger='daad_harvester.discover' level='info' timestamp='2026-08-19T10:55:11.536324Z'
url='https://solutionarchive.com/list/system%2C34/' event='skipping_non_artifact_source' logger='daad_harvester.discover' level='info' timestamp='2026-08-19T10:55:11.536378Z'
url='https://solutionarchive.com/list/system%2C34/' event='skipping_non_artifact_source' logger='daad_harvester.discover' level='info' timestamp='2026-08-19T10:55:11.536450Z'
url='https://html.duckduckgo.com/html/?q=Aventuras%20AD%20DAAD%20games%20spectrum%20cpc%20amiga%20dos' attempt=1 event='fetching_discovery_url' logger='daad_harvester.discover' level='info' timestamp='2026-08-19T10:55:11.536526Z'
HTTP Request: GET https://wiki.caad.es/DAAD "HTTP/1.1 200 OK"
url='https://ifdb.org/search?searchfor=tag%3Aaventuras+ad&xml=1' attempt=1 event='fetching_discovery_url' logger='daad_harvester.discover' level='info' timestamp='2026-08-19T10:55:11.757378Z'
HTTP Request: GET https://aminet.net/search?query=daad "HTTP/1.1 200 OK"
url='https://api.github.com/search/repositories?q=topic%3Adaad-ready&sort=updated' attempt=1 event='fetching_discovery_url' logger='daad_harvester.discover' level='info' timestamp='2026-08-19T10:55:11.824148Z'
HTTP Request: GET https://www.atarimania.com/game-atari-st-diosa-de-cozumel_9130.html "HTTP/1.1 200 OK"
url='https://wiki.caad.es/index.php?title=Especial:Entrar&returnto=DAAD' event='skipping_non_artifact_source' logger='daad_harvester.discover' level='info' timestamp='2026-08-19T10:55:11.879562Z'
url='https://wiki.caad.es/Especial:Pedir_cuenta_de_usuario' event='skipping_non_artifact_source' logger='daad_harvester.discover' level='info' timestamp='2026-08-19T10:55:11.879800Z'
url='https://wiki.caad.es/P%C3%A1gina_principal' event='skipping_non_artifact_source' logger='daad_harvester.discover' level='info' timestamp='2026-08-19T10:55:11.879934Z'
url='https://wiki.caad.es/DAAD' event='skipping_non_artifact_source' logger='daad_harvester.discover' level='info' timestamp='2026-08-19T10:55:11.880017Z'
url='https://wiki.caad.es/index.php?title=Discusi%C3%B3n:DAAD&action=edit&redlink=1' event='skipping_non_artifact_source' logger='daad_harvester.discover' level='info' timestamp='2026-08-19T10:55:11.880127Z'
url='https://wiki.caad.es/DAAD' event='skipping_non_artifact_source' logger='daad_harvester.discover' level='info' timestamp='2026-08-19T10:55:11.880220Z'
url='https://wiki.caad.es/index.php?title=DAAD&action=edit' event='skipping_non_artifact_source' logger='daad_harvester.discover' level='info' timestamp='2026-08-19T10:55:11.880321Z'
url='https://wiki.caad.es/index.php?title=DAAD&action=history' event='skipping_non_artifact_source' logger='daad_harvester.discover' level='info' timestamp='2026-08-19T10:55:11.880418Z'
url='https://wiki.caad.es/index.php?title=DAAD&action=purge' event='skipping_non_artifact_source' logger='daad_harvester.discover' level='info' timestamp='2026-08-19T10:55:11.880553Z'
url='https://wiki.caad.es/Archivo:Logo_del_DAAD.png' event='skipping_non_artifact_source' logger='daad_harvester.discover' level='info' timestamp='2026-08-19T10:55:11.880649Z'
url='https://wiki.caad.es/Tim_Gilberts' event='skipping_non_artifact_source' logger='daad_harvester.discover' level='info' timestamp='2026-08-19T10:55:11.880737Z'
url='https://wiki.caad.es/DAAD#Herramientas_y_utilidades' event='skipping_non_artifact_source' logger='daad_harvester.discover' level='info' timestamp='2026-08-19T10:55:11.880827Z'
url='https://wiki.caad.es/DAAD#Juegos_realizados_en_DAAD' event='skipping_non_artifact_source' logger='daad_harvester.discover' level='info' timestamp='2026-08-19T10:55:11.880926Z'
url='https://wiki.caad.es/DAAD#Logo' event='skipping_non_artifact_source' logger='daad_harvester.discover' level='info' timestamp='2026-08-19T10:55:11.881059Z'
url='https://wiki.caad.es/DAAD#Enlaces' event='skipping_non_artifact_source' logger='daad_harvester.discover' level='info' timestamp='2026-08-19T10:55:11.881156Z'
url='https://wiki.caad.es/ADP' event='skipping_non_artifact_source' logger='daad_harvester.discover' level='info' timestamp='2026-08-19T10:55:11.881279Z'
url='https://wiki.caad.es/DAAD_Adventure_Writer' event='skipping_non_artifact_source' logger='daad_harvester.discover' level='info' timestamp='2026-08-19T10:55:11.881374Z'
url='https://wiki.caad.es/DAAD_Ready' event='skipping_non_artifact_source' logger='daad_harvester.discover' level='info' timestamp='2026-08-19T10:55:11.881495Z'
url='https://wiki.caad.es/Uto' event='skipping_non_artifact_source' logger='daad_harvester.discover' level='info' timestamp='2026-08-19T10:55:11.881591Z'
url='https://wiki.caad.es/DRC' event='skipping_non_artifact_source' logger='daad_harvester.discover' level='info' timestamp='2026-08-19T10:55:11.881673Z'
url='https://wiki.caad.es/index.php?title=EAAD&action=edit&redlink=1' event='skipping_non_artifact_source' logger='daad_harvester.discover' level='info' timestamp='2026-08-19T10:55:11.881758Z'
url='https://wiki.caad.es/JDAAD' event='skipping_non_artifact_source' logger='daad_harvester.discover' level='info' timestamp='2026-08-19T10:55:11.881839Z'
url='https://wiki.caad.es/Maluva_(utilidad)' event='skipping_non_artifact_source' logger='daad_harvester.discover' level='info' timestamp='2026-08-19T10:55:11.882136Z'
url='https://wiki.caad.es/MSX2DAAD' event='skipping_non_artifact_source' logger='daad_harvester.discover' level='info' timestamp='2026-08-19T10:55:11.882312Z'
url='https://wiki.caad.es/NAPS' event='skipping_non_artifact_source' logger='daad_harvester.discover' level='info' timestamp='2026-08-19T10:55:11.882500Z'
url='https://wiki.caad.es/PCDAAD' event='skipping_non_artifact_source' logger='daad_harvester.discover' level='info' timestamp='2026-08-19T10:55:11.882650Z'
url='https://wiki.caad.es/Triz2DAAD' event='skipping_non_artifact_source' logger='daad_harvester.discover' level='info' timestamp='2026-08-19T10:55:11.882760Z'
url='https://wiki.caad.es/Trizbort' event='skipping_non_artifact_source' logger='daad_harvester.discover' level='info' timestamp='2026-08-19T10:55:11.882869Z'
url='https://wiki.caad.es/UnDRC' event='skipping_non_artifact_source' logger='daad_harvester.discover' level='info' timestamp='2026-08-19T10:55:11.882974Z'
url='https://wiki.caad.es/ZxDAAD128' event='skipping_non_artifact_source' logger='daad_harvester.discover' level='info' timestamp='2026-08-19T10:55:11.883078Z'
url='https://wiki.caad.es/La_Aventura_Original' event='skipping_non_artifact_source' logger='daad_harvester.discover' level='info' timestamp='2026-08-19T10:55:11.883185Z'
url='https://wiki.caad.es/Jabato' event='skipping_non_artifact_source' logger='daad_harvester.discover' level='info' timestamp='2026-08-19T10:55:11.883298Z'
url='https://wiki.caad.es/Cozumel' event='skipping_non_artifact_source' logger='daad_harvester.discover' level='info' timestamp='2026-08-19T10:55:11.883414Z'
url='https://wiki.caad.es/La_Aventura_Espacial' event='skipping_non_artifact_source' logger='daad_harvester.discover' level='info' timestamp='2026-08-19T10:55:11.883584Z'
url='https://wiki.caad.es/Los_Templos_Sagrados' event='skipping_non_artifact_source' logger='daad_harvester.discover' level='info' timestamp='2026-08-19T10:55:11.883715Z'
url='https://wiki.caad.es/Chich%C3%A9n_Itz%C3%A1' event='skipping_non_artifact_source' logger='daad_harvester.discover' level='info' timestamp='2026-08-19T10:55:11.883863Z'
url='https://wiki.caad.es/Los_Elfos_de_Maroland_-_remake' event='skipping_non_artifact_source' logger='daad_harvester.discover' level='info' timestamp='2026-08-19T10:55:11.884003Z'
url='https://wiki.caad.es/El_Hobbit' event='skipping_non_artifact_source' logger='daad_harvester.discover' level='info' timestamp='2026-08-19T10:55:11.884129Z'
url='https://wiki.caad.es/Las_aventuras_de_Rudolphine_Rur' event='skipping_non_artifact_source' logger='daad_harvester.discover' level='info' timestamp='2026-08-19T10:55:11.884253Z'
url='https://wiki.caad.es/El_chico_de_los_recados' event='skipping_non_artifact_source' logger='daad_harvester.discover' level='info' timestamp='2026-08-19T10:55:11.884390Z'
url='https://wiki.caad.es/index.php?title=La_estrella_de_la_ma%C3%B1ana&action=edit&redlink=1' event='skipping_non_artifact_source' logger='daad_harvester.discover' level='info' timestamp='2026-08-19T10:55:11.884598Z'
url='https://wiki.caad.es/El_cetro_del_sol' event='skipping_non_artifact_source' logger='daad_harvester.discover' level='info' timestamp='2026-08-19T10:55:11.884755Z'
url='https://wiki.caad.es/index.php?title=Tantalos&action=edit&redlink=1' event='skipping_non_artifact_source' logger='daad_harvester.discover' level='info' timestamp='2026-08-19T10:55:11.884885Z'
url='https://wiki.caad.es/index.php?title=Elf&action=edit&redlink=1' event='skipping_non_artifact_source' logger='daad_harvester.discover' level='info' timestamp='2026-08-19T10:55:11.885089Z'
url='https://wiki.caad.es/Mystery_City' event='skipping_non_artifact_source' logger='daad_harvester.discover' level='info' timestamp='2026-08-19T10:55:11.885239Z'
url='https://wiki.caad.es/index.php?title=En_Busca_del_Parser_Perdido&action=edit&redlink=1' event='skipping_non_artifact_source' logger='daad_harvester.discover' level='info' timestamp='2026-08-19T10:55:11.885370Z'
url='https://wiki.caad.es/Do%C3%B1a_Elisa_de_Aval%C3%B3n' event='skipping_non_artifact_source' logger='daad_harvester.discover' level='info' timestamp='2026-08-19T10:55:11.885588Z'
url='https://wiki.caad.es/Adventuron' event='skipping_non_artifact_source' logger='daad_harvester.discover' level='info' timestamp='2026-08-19T10:55:11.885733Z'
url='https://sunteam.itch.io/golden-seas' event='skipping_non_artifact_source' logger='daad_harvester.discover' level='info' timestamp='2026-08-19T10:55:11.885863Z'
url='https://sunteam.itch.io/kings-ransom' event='skipping_non_artifact_source' logger='daad_harvester.discover' level='info' timestamp='2026-08-19T10:55:11.886003Z'
url='https://sunteam.itch.io/rite-of-the-druid-zx-spectrum-next' event='skipping_non_artifact_source' logger='daad_harvester.discover' level='info' timestamp='2026-08-19T10:55:11.886108Z'
url='https://taskmastersoftware.itch.io/the-mystery-of-markham-manor' event='skipping_non_artifact_source' logger='daad_harvester.discover' level='info' timestamp='2026-08-19T10:55:11.886192Z'
url='https://taskmastersoftware.itch.io/the-dragnet-case-re-release' event='skipping_non_artifact_source' logger='daad_harvester.discover' level='info' timestamp='2026-08-19T10:55:11.886274Z'
url='https://wiki.caad.es/Juan_Jos%C3%A9_Torres' event='skipping_non_artifact_source' logger='daad_harvester.discover' level='info' timestamp='2026-08-19T10:55:11.886377Z'
url='https://wiki.caad.es/Foro_del_CAAD' event='skipping_non_artifact_source' logger='daad_harvester.discover' level='info' timestamp='2026-08-19T10:55:11.886499Z'
url='https://foro.caad.club/viewtopic.php?t=288' event='skipping_non_artifact_source' logger='daad_harvester.discover' level='info' timestamp='2026-08-19T10:55:11.886588Z'
url='https://caad.club/daad-y-sus-amigos/' event='skipping_non_artifact_source' logger='daad_harvester.discover' level='info' timestamp='2026-08-19T10:55:11.886673Z'
url='https://wiki.caad.es/index.php?title=J.A._Rubio&action=edit&redlink=1' event='skipping_non_artifact_source' logger='daad_harvester.discover' level='info' timestamp='2026-08-19T10:55:11.886759Z'
url='https://wiki.caad.es/CAAD_60' event='skipping_non_artifact_source' logger='daad_harvester.discover' level='info' timestamp='2026-08-19T10:55:11.886836Z'
url='https://caad.club/descargas_software/daad/' event='skipping_non_artifact_source' logger='daad_harvester.discover' level='info' timestamp='2026-08-19T10:55:11.886913Z'
url='https://wiki.caad.es/index.php?title=DAAD&oldid=14902' event='skipping_non_artifact_source' logger='daad_harvester.discover' level='info' timestamp='2026-08-19T10:55:11.886995Z'
url='https://wiki.caad.es/Especial:Categor%C3%ADas' event='skipping_non_artifact_source' logger='daad_harvester.discover' level='info' timestamp='2026-08-19T10:55:11.887233Z'
url='https://wiki.caad.es/Categor%C3%ADa:Sistemas_de_autor%C3%ADa' event='skipping_non_artifact_source' logger='daad_harvester.discover' level='info' timestamp='2026-08-19T10:55:11.887500Z'
url='https://wiki.caad.es/Categor%C3%ADa:Herramientas_de_desarrollo' event='skipping_non_artifact_source' logger='daad_harvester.discover' level='info' timestamp='2026-08-19T10:55:11.887632Z'
url='https://wiki.caad.es/P%C3%A1gina_principal' event='skipping_non_artifact_source' logger='daad_harvester.discover' level='info' timestamp='2026-08-19T10:55:11.887746Z'
url='https://wiki.caad.es/Formulario:Juegos' event='skipping_non_artifact_source' logger='daad_harvester.discover' level='info' timestamp='2026-08-19T10:55:11.887836Z'
url='https://wiki.caad.es/Formulario:Noticia' event='skipping_non_artifact_source' logger='daad_harvester.discover' level='info' timestamp='2026-08-19T10:55:11.887934Z'
url='https://wiki.caad.es/Categor%C3%ADa:Juegos' event='skipping_non_artifact_source' logger='daad_harvester.discover' level='info' timestamp='2026-08-19T10:55:11.888031Z'
url='https://wiki.caad.es/Categor%C3%ADa:Autores' event='skipping_non_artifact_source' logger='daad_harvester.discover' level='info' timestamp='2026-08-19T10:55:11.888130Z'
url='https://wiki.caad.es/Categor%C3%ADa:Herramientas_desarrollo' event='skipping_non_artifact_source' logger='daad_harvester.discover' level='info' timestamp='2026-08-19T10:55:11.888227Z'
url='https://wiki.caad.es/Categor%C3%ADa:N%C3%BAmeros_del_CAAD' event='skipping_non_artifact_source' logger='daad_harvester.discover' level='info' timestamp='2026-08-19T10:55:11.888355Z'
url='https://wiki.caad.es/Anuario_aventurero' event='skipping_non_artifact_source' logger='daad_harvester.discover' level='info' timestamp='2026-08-19T10:55:11.888492Z'
url='https://wiki.caad.es/index.php/Especial:Categor%C3%ADas' event='skipping_non_artifact_source' logger='daad_harvester.discover' level='info' timestamp='2026-08-19T10:55:11.888602Z'
url='https://wiki.caad.es/P%C3%A1gina_principal' event='skipping_non_artifact_source' logger='daad_harvester.discover' level='info' timestamp='2026-08-19T10:55:11.888703Z'
url='https://wiki.caad.es/Especial:CambiosRecientes' event='skipping_non_artifact_source' logger='daad_harvester.discover' level='info' timestamp='2026-08-19T10:55:11.888811Z'
url='https://wiki.caad.es/Especial:Aleatoria' event='skipping_non_artifact_source' logger='daad_harvester.discover' level='info' timestamp='2026-08-19T10:55:11.888917Z'
url='https://www.mediawiki.org/wiki/Special:MyLanguage/Help:Contents' event='skipping_non_artifact_source' logger='daad_harvester.discover' level='info' timestamp='2026-08-19T10:55:11.889066Z'
url='https://wiki.caad.es/index.php?title=Especial:Confirmar_cuentas' event='skipping_non_artifact_source' logger='daad_harvester.discover' level='info' timestamp='2026-08-19T10:55:11.889207Z'
url='https://wiki.caad.es/index.php/Especial:PermisosUsuarios' event='skipping_non_artifact_source' logger='daad_harvester.discover' level='info' timestamp='2026-08-19T10:55:11.889306Z'
url='https://wiki.caad.es/Especial:P%C3%A1ginasEspeciales' event='skipping_non_artifact_source' logger='daad_harvester.discover' level='info' timestamp='2026-08-19T10:55:11.889417Z'
url='https://wiki.caad.es/index.php?title=DAAD&action=pagevalues' event='skipping_non_artifact_source' logger='daad_harvester.discover' level='info' timestamp='2026-08-19T10:55:11.889550Z'
url='https://wiki.caad.es/index.php?title=Especial:Citar&page=DAAD&id=14902&wpFormIdentifier=titleform' event='skipping_non_artifact_source' logger='daad_harvester.discover' level='info' timestamp='2026-08-19T10:55:11.889662Z'
url='https://wiki.caad.es/Especial:LoQueEnlazaAqu%C3%AD/DAAD' event='skipping_non_artifact_source' logger='daad_harvester.discover' level='info' timestamp='2026-08-19T10:55:11.889788Z'
url='https://wiki.caad.es/Especial:CambiosEnEnlazadas/DAAD' event='skipping_non_artifact_source' logger='daad_harvester.discover' level='info' timestamp='2026-08-19T10:55:11.889891Z'
url='javascript:print();' event='skipping_non_artifact_source' logger='daad_harvester.discover' level='info' timestamp='2026-08-19T10:55:11.889984Z'
url='https://wiki.caad.es/index.php?title=DAAD&oldid=14902' event='skipping_non_artifact_source' logger='daad_harvester.discover' level='info' timestamp='2026-08-19T10:55:11.890093Z'
url='https://wiki.caad.es/index.php?title=DAAD&action=info' event='skipping_non_artifact_source' logger='daad_harvester.discover' level='info' timestamp='2026-08-19T10:55:11.890204Z'
url='https://wiki.caad.es/index.php?title=Especial:Registro&page=DAAD' event='skipping_non_artifact_source' logger='daad_harvester.discover' level='info' timestamp='2026-08-19T10:55:11.890315Z'
url='https://wiki.caad.es/Categor%C3%ADa:Sistemas_de_autor%C3%ADa' event='skipping_non_artifact_source' logger='daad_harvester.discover' level='info' timestamp='2026-08-19T10:55:11.890443Z'
url='https://wiki.caad.es/Categor%C3%ADa:Herramientas_de_desarrollo' event='skipping_non_artifact_source' logger='daad_harvester.discover' level='info' timestamp='2026-08-19T10:55:11.890566Z'
url='https://creativecommons.org/licenses/by-nc-sa/4.0/' event='skipping_non_artifact_source' logger='daad_harvester.discover' level='info' timestamp='2026-08-19T10:55:11.890792Z'
url='https://www.mediawiki.org/' event='skipping_non_artifact_source' logger='daad_harvester.discover' level='info' timestamp='2026-08-19T10:55:11.890903Z'
url='https://creativecommons.org/licenses/by-nc-sa/4.0/' event='skipping_non_artifact_source' logger='daad_harvester.discover' level='info' timestamp='2026-08-19T10:55:11.890975Z'
url='https://wiki.caad.es/wikiCAAD:Pol%C3%ADtica_de_privacidad' event='skipping_non_artifact_source' logger='daad_harvester.discover' level='info' timestamp='2026-08-19T10:55:11.891086Z'
url='https://wiki.caad.es/wikiCAAD:Acerca_de' event='skipping_non_artifact_source' logger='daad_harvester.discover' level='info' timestamp='2026-08-19T10:55:11.891190Z'
url='https://wiki.caad.es/wikiCAAD:Descargo_general' event='skipping_non_artifact_source' logger='daad_harvester.discover' level='info' timestamp='2026-08-19T10:55:11.891294Z'
HTTP Request: GET https://plus4world.powweb.com/software/Eight_Feet_Under "HTTP/1.1 200 OK"
url='https://plus4world.powweb.com/home' event='skipping_non_artifact_source' logger='daad_harvester.discover' level='info' timestamp='2026-08-19T10:55:11.913031Z'
url='https://plus4world.powweb.com/search' event='skipping_non_artifact_source' logger='daad_harvester.discover' level='info' timestamp='2026-08-19T10:55:11.913185Z'
url='https://plus4world.powweb.com/games' event='skipping_non_artifact_source' logger='daad_harvester.discover' level='info' timestamp='2026-08-19T10:55:11.913258Z'
url='https://plus4world.powweb.com/tapes' event='skipping_non_artifact_source' logger='daad_harvester.discover' level='info' timestamp='2026-08-19T10:55:11.913328Z'
url='https://plus4world.powweb.com/covers' event='skipping_non_artifact_source' logger='daad_harvester.discover' level='info' timestamp='2026-08-19T10:55:11.913395Z'
url='https://plus4world.powweb.com/cheats' event='skipping_non_artifact_source' logger='daad_harvester.discover' level='info' timestamp='2026-08-19T10:55:11.913502Z'
url='https://plus4world.powweb.com/maps' event='skipping_non_artifact_source' logger='daad_harvester.discover' level='info' timestamp='2026-08-19T10:55:11.913566Z'
url='https://plus4world.powweb.com/sl/100' event='skipping_non_artifact_source' logger='daad_harvester.discover' level='info' timestamp='2026-08-19T10:55:11.913624Z'
url='https://plus4world.powweb.com/newstuff' event='skipping_non_artifact_source' logger='daad_harvester.discover' level='info' timestamp='2026-08-19T10:55:11.913681Z'
url='https://plus4world.powweb.com/halloffame' event='skipping_non_artifact_source' logger='daad_harvester.discover' level='info' timestamp='2026-08-19T10:55:11.913737Z'
url='https://plus4world.powweb.com/hvtc' event='skipping_non_artifact_source' logger='daad_harvester.discover' level='info' timestamp='2026-08-19T10:55:11.913790Z'
url='https://plus4world.powweb.com/gameendings' event='skipping_non_artifact_source' logger='daad_harvester.discover' level='info' timestamp='2026-08-19T10:55:11.913845Z'
url='https://plus4world.powweb.com/solutions' event='skipping_non_artifact_source' logger='daad_harvester.discover' level='info' timestamp='2026-08-19T10:55:11.913909Z'
url='https://plus4world.powweb.com/remakes' event='skipping_non_artifact_source' logger='daad_harvester.discover' level='info' timestamp='2026-08-19T10:55:11.913962Z'
url='https://plus4world.powweb.com/publications' event='skipping_non_artifact_source' logger='daad_harvester.discover' level='info' timestamp='2026-08-19T10:55:11.914015Z'
url='https://plus4world.powweb.com/mags' event='skipping_non_artifact_source' logger='daad_harvester.discover' level='info' timestamp='2026-08-19T10:55:11.914070Z'
url='https://plus4world.powweb.com/effects' event='skipping_non_artifact_source' logger='daad_harvester.discover' level='info' timestamp='2026-08-19T10:55:11.914121Z'
url='https://plus4world.powweb.com/toplist' event='skipping_non_artifact_source' logger='daad_harvester.discover' level='info' timestamp='2026-08-19T10:55:11.914172Z'
url='https://plus4world.powweb.com/members' event='skipping_non_artifact_source' logger='daad_harvester.discover' level='info' timestamp='2026-08-19T10:55:11.914328Z'
url='https://plus4world.powweb.com/groups' event='skipping_non_artifact_source' logger='daad_harvester.discover' level='info' timestamp='2026-08-19T10:55:11.914385Z'
url='https://plus4world.powweb.com/features' event='skipping_non_artifact_source' logger='daad_harvester.discover' level='info' timestamp='2026-08-19T10:55:11.914459Z'
url='https://plus4world.powweb.com/features/upload' event='skipping_non_artifact_source' logger='daad_harvester.discover' level='info' timestamp='2026-08-19T10:55:11.914527Z'
url='https://plus4world.powweb.com/plus4encyclopedia' event='skipping_non_artifact_source' logger='daad_harvester.discover' level='info' timestamp='2026-08-19T10:55:11.914582Z'
url='https://plus4world.powweb.com/hardware' event='skipping_non_artifact_source' logger='daad_harvester.discover' level='info' timestamp='2026-08-19T10:55:11.914636Z'
url='https://plus4world.powweb.com/tools' event='skipping_non_artifact_source' logger='daad_harvester.discover' level='info' timestamp='2026-08-19T10:55:11.914690Z'
url='https://plus4world.powweb.com/options' event='skipping_non_artifact_source' logger='daad_harvester.discover' level='info' timestamp='2026-08-19T10:55:11.914743Z'
url='https://plus4world.powweb.com/forum#pagetop' event='skipping_non_artifact_source' logger='daad_harvester.discover' level='info' timestamp='2026-08-19T10:55:11.914804Z'
url='https://plus4world.powweb.com/home' event='skipping_non_artifact_source' logger='daad_harvester.discover' level='info' timestamp='2026-08-19T10:55:11.914853Z'
url='https://plus4world.powweb.com/search' event='skipping_non_artifact_source' logger='daad_harvester.discover' level='info' timestamp='2026-08-19T10:55:11.914899Z'
url='https://plus4world.powweb.com/games' event='skipping_non_artifact_source' logger='daad_harvester.discover' level='info' timestamp='2026-08-19T10:55:11.914942Z'
url='https://plus4world.powweb.com/tapes' event='skipping_non_artifact_source' logger='daad_harvester.discover' level='info' timestamp='2026-08-19T10:55:11.914986Z'
url='https://plus4world.powweb.com/covers' event='skipping_non_artifact_source' logger='daad_harvester.discover' level='info' timestamp='2026-08-19T10:55:11.915028Z'
url='https://plus4world.powweb.com/cheats' event='skipping_non_artifact_source' logger='daad_harvester.discover' level='info' timestamp='2026-08-19T10:55:11.915072Z'
url='https://plus4world.powweb.com/maps' event='skipping_non_artifact_source' logger='daad_harvester.discover' level='info' timestamp='2026-08-19T10:55:11.915115Z'
url='https://plus4world.powweb.com/sl/100' event='skipping_non_artifact_source' logger='daad_harvester.discover' level='info' timestamp='2026-08-19T10:55:11.915161Z'
url='https://plus4world.powweb.com/newstuff' event='skipping_non_artifact_source' logger='daad_harvester.discover' level='info' timestamp='2026-08-19T10:55:11.915206Z'
url='https://plus4world.powweb.com/halloffame' event='skipping_non_artifact_source' logger='daad_harvester.discover' level='info' timestamp='2026-08-19T10:55:11.915255Z'
url='https://plus4world.powweb.com/hvtc' event='skipping_non_artifact_source' logger='daad_harvester.discover' level='info' timestamp='2026-08-19T10:55:11.915465Z'
url='https://plus4world.powweb.com/gameendings' event='skipping_non_artifact_source' logger='daad_harvester.discover' level='info' timestamp='2026-08-19T10:55:11.915530Z'
url='https://plus4world.powweb.com/solutions' event='skipping_non_artifact_source' logger='daad_harvester.discover' level='info' timestamp='2026-08-19T10:55:11.915577Z'
url='https://plus4world.powweb.com/remakes' event='skipping_non_artifact_source' logger='daad_harvester.discover' level='info' timestamp='2026-08-19T10:55:11.915623Z'
url='https://plus4world.powweb.com/publications' event='skipping_non_artifact_source' logger='daad_harvester.discover' level='info' timestamp='2026-08-19T10:55:11.915669Z'
url='https://plus4world.powweb.com/mags' event='skipping_non_artifact_source' logger='daad_harvester.discover' level='info' timestamp='2026-08-19T10:55:11.915714Z'
url='https://plus4world.powweb.com/effects' event='skipping_non_artifact_source' logger='daad_harvester.discover' level='info' timestamp='2026-08-19T10:55:11.915759Z'
url='https://plus4world.powweb.com/toplist' event='skipping_non_artifact_source' logger='daad_harvester.discover' level='info' timestamp='2026-08-19T10:55:11.915805Z'
url='https://plus4world.powweb.com/members' event='skipping_non_artifact_source' logger='daad_harvester.discover' level='info' timestamp='2026-08-19T10:55:11.915849Z'
url='https://plus4world.powweb.com/groups' event='skipping_non_artifact_source' logger='daad_harvester.discover' level='info' timestamp='2026-08-19T10:55:11.915895Z'
url='https://plus4world.powweb.com/features' event='skipping_non_artifact_source' logger='daad_harvester.discover' level='info' timestamp='2026-08-19T10:55:11.915940Z'
url='https://plus4world.powweb.com/features/upload' event='skipping_non_artifact_source' logger='daad_harvester.discover' level='info' timestamp='2026-08-19T10:55:11.915986Z'
url='https://plus4world.powweb.com/plus4encyclopedia' event='skipping_non_artifact_source' logger='daad_harvester.discover' level='info' timestamp='2026-08-19T10:55:11.916032Z'
url='https://plus4world.powweb.com/hardware' event='skipping_non_artifact_source' logger='daad_harvester.discover' level='info' timestamp='2026-08-19T10:55:11.916079Z'
url='https://plus4world.powweb.com/tools' event='skipping_non_artifact_source' logger='daad_harvester.discover' level='info' timestamp='2026-08-19T10:55:11.916124Z'
url='https://plus4world.powweb.com/options' event='skipping_non_artifact_source' logger='daad_harvester.discover' level='info' timestamp='2026-08-19T10:55:11.916170Z'
url='https://plus4world.powweb.com/forum#pagetop' event='skipping_non_artifact_source' logger='daad_harvester.discover' level='info' timestamp='2026-08-19T10:55:11.916228Z'
url='https://plus4world.powweb.com/login.php' event='skipping_non_artifact_source' logger='daad_harvester.discover' level='info' timestamp='2026-08-19T10:55:11.916286Z'
url='https://plus4world.powweb.com/series/Hibernated' event='skipping_non_artifact_source' logger='daad_harvester.discover' level='info' timestamp='2026-08-19T10:55:11.916339Z'
url='https://plus4world.powweb.com/software/Hibernated_1' event='skipping_non_artifact_source' logger='daad_harvester.discover' level='info' timestamp='2026-08-19T10:55:11.916389Z'
url='https://plus4world.powweb.com/software/Hibernated_1_-_Directors_Cut' event='skipping_non_artifact_source' logger='daad_harvester.discover' level='info' timestamp='2026-08-19T10:55:11.916467Z'
url='https://plus4world.powweb.com/software/Hibernated_2' event='skipping_non_artifact_source' logger='daad_harvester.discover' level='info' timestamp='2026-08-19T10:55:11.916562Z'
url='https://plus4world.powweb.com/sl/102' event='skipping_non_artifact_source' logger='daad_harvester.discover' level='info' timestamp='2026-08-19T10:55:11.916621Z'
url='https://plus4world.powweb.com/sl/2019' event='skipping_non_artifact_source' logger='daad_harvester.discover' level='info' timestamp='2026-08-19T10:55:11.916758Z'
url='https://plus4world.powweb.com/members/siz' event='skipping_non_artifact_source' logger='daad_harvester.discover' level='info' timestamp='2026-08-19T10:55:11.916818Z'
url='https://plus4world.powweb.com/members/Chronos' event='skipping_non_artifact_source' logger='daad_harvester.discover' level='info' timestamp='2026-08-19T10:55:11.916872Z'
url='https://plus4world.powweb.com/members/Stefan_Vogt' event='skipping_non_artifact_source' logger='daad_harvester.discover' level='info' timestamp='2026-08-19T10:55:11.916925Z'
url='http://csdb.dk/scener/?id=30877' event='skipping_non_artifact_source' logger='daad_harvester.discover' level='info' timestamp='2026-08-19T10:55:11.917006Z'
url='http://pondsoft.uk' event='skipping_non_artifact_source' logger='daad_harvester.discover' level='info' timestamp='2026-08-19T10:55:11.917074Z'
url='https://plus4world.powweb.com/members/siz' event='skipping_non_artifact_source' logger='daad_harvester.discover' level='info' timestamp='2026-08-19T10:55:11.917124Z'
url='https://plus4world.powweb.com/dl/games/e/eight_feet_under.zip' tier='archive' title='Eight Feet Under - A Hibernated 1 Addon' event='discovered_source' logger='daad_harvester.discover' level='info' timestamp='2026-08-19T10:55:11.918128Z'
url='https://plus4world.powweb.com/dl/games/e/eight_feet_under.zip' event='skipping_duplicate_source' logger='daad_harvester.discover' level='info' timestamp='2026-08-19T10:55:11.918242Z'
url='http://c64.rulez.org/pub/plus4/Games/e/Eight_Feet_Under.zip' tier='archive' title='Eight Feet Under - A Hibernated 1 Addon' event='discovered_source' logger='daad_harvester.discover' level='info' timestamp='2026-08-19T10:55:11.919249Z'
url='http://c64.rulez.org/pub/plus4/Games/e/Eight_Feet_Under.zip' event='skipping_duplicate_source' logger='daad_harvester.discover' level='info' timestamp='2026-08-19T10:55:11.919342Z'
url='http://plus4.othersi.de/plus4/Games/e/Eight_Feet_Under.zip' tier='archive' title='Eight Feet Under - A Hibernated 1 Addon' event='discovered_source' logger='daad_harvester.discover' level='info' timestamp='2026-08-19T10:55:11.920204Z'
url='http://plus4.othersi.de/plus4/Games/e/Eight_Feet_Under.zip' event='skipping_duplicate_source' logger='daad_harvester.discover' level='info' timestamp='2026-08-19T10:55:11.920303Z'
url='http://www.zimmers.net/anonftp/pub/cbm/plus4/Games/misc/e/Eight_Feet_Under.d64.gz' tier='archive' title='Eight Feet Under - A Hibernated 1 Addon' event='discovered_source' logger='daad_harvester.discover' level='info' timestamp='2026-08-19T10:55:11.921176Z'
url='http://www.zimmers.net/anonftp/pub/cbm/plus4/Games/misc/e/Eight_Feet_Under.d64.gz' event='skipping_duplicate_source' logger='daad_harvester.discover' level='info' timestamp='2026-08-19T10:55:11.921273Z'
url='https://8bitgames.itch.io/eight-feet-under/purchase' event='skipping_non_artifact_source' logger='daad_harvester.discover' level='info' timestamp='2026-08-19T10:55:11.921346Z'
url='https://8bitgames.itch.io/eight-feet-under/purchase' event='skipping_non_artifact_source' logger='daad_harvester.discover' level='info' timestamp='2026-08-19T10:55:11.921399Z'
url='https://plus4world.powweb.com/software/Eight_Feet_Under' event='skipping_non_artifact_source' logger='daad_harvester.discover' level='info' timestamp='2026-08-19T10:55:11.921497Z'
url='https://8bitgames.itch.io/eight-feet-under' event='skipping_non_artifact_source' logger='daad_harvester.discover' level='info' timestamp='2026-08-19T10:55:11.921563Z'
url='https://csdb.dk/release/?id=182459' event='skipping_non_artifact_source' logger='daad_harvester.discover' level='info' timestamp='2026-08-19T10:55:11.921625Z'
url='https://plus4world.powweb.com/solutions' event='skipping_non_artifact_source' logger='daad_harvester.discover' level='info' timestamp='2026-08-19T10:55:11.921678Z'
url='https://patreon.com/plus4world' event='skipping_non_artifact_source' logger='daad_harvester.discover' level='info' timestamp='2026-08-19T10:55:11.921834Z'
HTTP Request: GET https://api.zxinfo.dk/v3/search?query=Aventuras+AD&contenttype=SOFTWARE&mode=full&size=100 "HTTP/1.1 200 OK"
HTTP Request: GET https://archive.org/metadata/Aventura_Original_La_1989_Aventuras_AD_es_cpm_version "HTTP/1.1 200 OK"
url='https://archive.org/download/Aventura_Original_La_1989_Aventuras_AD_es_cpm_version/Aventura_Original_La_1989_Aventuras_AD_es_cpm_version.dsk' tier='archive' title='La Aventura Original' event='discovered_source' logger='daad_harvester.discover' level='info' timestamp='2026-08-19T10:55:11.956851Z'
url='https://archive.org/download/Aventura_Original_La_1989_Aventuras_AD_es_cpm_version/Aventura_Original_La_1989_Aventuras_AD_es_cpm_version_archive.torrent' event='skipping_non_artifact_source' logger='daad_harvester.discover' level='info' timestamp='2026-08-19T10:55:11.957341Z'
url='https://archive.org/download/Aventura_Original_La_1989_Aventuras_AD_es_cpm_version/Aventura_Original_La_1989_Aventuras_AD_es_cpm_version_files.xml' event='skipping_non_artifact_source' logger='daad_harvester.discover' level='info' timestamp='2026-08-19T10:55:11.957557Z'
url='https://archive.org/download/Aventura_Original_La_1989_Aventuras_AD_es_cpm_version/Aventura_Original_La_1989_Aventuras_AD_es_cpm_version_meta.sqlite' event='skipping_non_artifact_source' logger='daad_harvester.discover' level='info' timestamp='2026-08-19T10:55:11.957659Z'
url='https://archive.org/download/Aventura_Original_La_1989_Aventuras_AD_es_cpm_version/Aventura_Original_La_1989_Aventuras_AD_es_cpm_version_meta.xml' event='skipping_non_artifact_source' logger='daad_harvester.discover' level='info' timestamp='2026-08-19T10:55:11.957910Z'
url='https://archive.org/download/Aventura_Original_La_1989_Aventuras_AD_es_cpm_version/Aventura_Original_La_1989_Aventuras_AD_es_cpm_version_screenshot.png' event='skipping_non_artifact_source' logger='daad_harvester.discover' level='info' timestamp='2026-08-19T10:55:11.958018Z'
url='https://archive.org/download/Aventura_Original_La_1989_Aventuras_AD_es_cpm_version/__ia_thumb.jpg' event='skipping_non_artifact_source' logger='daad_harvester.discover' level='info' timestamp='2026-08-19T10:55:11.958109Z'
url='https://wiki.caad.es/DAAD_Ready' attempt=1 event='fetching_discovery_url' logger='daad_harvester.discover' level='info' timestamp='2026-08-19T10:55:11.960456Z'
HTTP Request: GET https://api.github.com/search/repositories?q=topic%3Adaad-ready&sort=updated "HTTP/1.1 200 OK"
url='https://archive.org/metadata/Jabato_1989_Aventuras_AD_es_cr_ASS' attempt=1 event='fetching_discovery_url' logger='daad_harvester.discover' level='info' timestamp='2026-08-19T10:55:12.063871Z'
HTTP Request: GET https://worldofspectrum.org/archive/software/text-adventures/chichen-itza-aventuras-ad-sa "HTTP/1.1 200 OK"
url='https://www.worldofspectrum.org//pub/sinclair/games/c/ChichenItza.tap.zip' tier='archive' title='Chichén Itzá' event='discovered_source' logger='daad_harvester.discover' level='info' timestamp='2026-08-19T10:55:12.290934Z'
url='https://www.worldofspectrum.org//pub/sinclair/games/c/ChichenItza.tzx.zip' tier='archive' title='Chichén Itzá' event='discovered_source' logger='daad_harvester.discover' level='info' timestamp='2026-08-19T10:55:12.292020Z'
HTTP Request: GET https://ifdb.org/search?searchfor=tag%3Aaventuras+ad&xml=1 "HTTP/1.1 200 OK"
url='https://www.atarimania.com/game-atari-st-jabato-vs-imperio_9665.html' attempt=1 event='fetching_discovery_url' logger='daad_harvester.discover' level='info' timestamp='2026-08-19T10:55:12.293450Z'
url='https://worldofspectrum.org/archive/software/text-adventures/cozumel-aventuras-ad-sa' attempt=1 event='fetching_discovery_url' logger='daad_harvester.discover' level='info' timestamp='2026-08-19T10:55:12.297415Z'
url='https://plus4world.powweb.com/software/Hibernated_1' attempt=1 event='fetching_discovery_url' logger='daad_harvester.discover' level='info' timestamp='2026-08-19T10:55:12.456596Z'
HTTP Request: GET https://wiki.caad.es/DAAD_Ready "HTTP/1.1 200 OK"
HTTP Request: GET https://nataliapc.itch.io/zakilwoodmsx2 "HTTP/1.1 200 OK"
HTTP Request: GET https://html.duckduckgo.com/html/?q=Aventuras%20AD%20DAAD%20games%20spectrum%20cpc%20amiga%20dos "HTTP/1.1 200 OK"
url='https://itch.io/login?intent=follow_user&return_to=https%3A%2F%2Fnataliapc.itch.io%2Fzakilwoodmsx2' event='skipping_non_artifact_source' logger='daad_harvester.discover' level='info' timestamp='2026-08-19T10:55:12.679886Z'
url='https://itch.io/login?intent=add_to_collection&return_to=https%3A%2F%2Fnataliapc.itch.io%2Fzakilwoodmsx2' event='skipping_non_artifact_source' logger='daad_harvester.discover' level='info' timestamp='2026-08-19T10:55:12.680174Z'
url='https://nataliapc.itch.io/zakilwoodmsx2#comments' event='skipping_non_artifact_source' logger='daad_harvester.discover' level='info' timestamp='2026-08-19T10:55:12.680293Z'
url='https://nataliapc.itch.io/zakilwoodmsx2/devlog' event='skipping_non_artifact_source' logger='daad_harvester.discover' level='info' timestamp='2026-08-19T10:55:12.680403Z'
url='https://itch.io/games-like/519188/zakilwoodmsx2' event='skipping_non_artifact_source' logger='daad_harvester.discover' level='info' timestamp='2026-08-19T10:55:12.680555Z'
url='https://nataliapc.itch.io/zakilwoodmsx2/purchase' event='skipping_non_artifact_source' logger='daad_harvester.discover' level='info' timestamp='2026-08-19T10:55:12.680674Z'
url='https://github.com/nataliapc/msx2daad' event='skipping_non_artifact_source' logger='daad_harvester.discover' level='info' timestamp='2026-08-19T10:55:12.680810Z'
url='javascript:void(0)' event='skipping_non_artifact_source' logger='daad_harvester.discover' level='info' timestamp='2026-08-19T10:55:12.680935Z'
url='https://itch.io/games/released' event='skipping_non_artifact_source' logger='daad_harvester.discover' level='info' timestamp='2026-08-19T10:55:12.681110Z'
url='https://itch.io/games/html5' event='skipping_non_artifact_source' logger='daad_harvester.discover' level='info' timestamp='2026-08-19T10:55:12.681217Z'
url='https://nataliapc.itch.io' event='skipping_non_artifact_source' logger='daad_harvester.discover' level='info' timestamp='2026-08-19T10:55:12.681327Z'
url='https://itch.io/games/tag-interactive-fiction' event='skipping_non_artifact_source' logger='daad_harvester.discover' level='info' timestamp='2026-08-19T10:55:12.681471Z'
url='https://itch.io/games/genre-adventure' event='skipping_non_artifact_source' logger='daad_harvester.discover' level='info' timestamp='2026-08-19T10:55:12.681569Z'
url='https://itch.io/games/tag-daad' event='skipping_non_artifact_source' logger='daad_harvester.discover' level='info' timestamp='2026-08-19T10:55:12.681658Z'
url='https://itch.io/games/tag-msx' event='skipping_non_artifact_source' logger='daad_harvester.discover' level='info' timestamp='2026-08-19T10:55:12.681744Z'
url='https://itch.io/games/tag-msx2' event='skipping_non_artifact_source' logger='daad_harvester.discover' level='info' timestamp='2026-08-19T10:55:12.681825Z'
url='https://itch.io/games/duration-hour' event='skipping_non_artifact_source' logger='daad_harvester.discover' level='info' timestamp='2026-08-19T10:55:12.681934Z'
url='https://itch.io/games/lang-en' event='skipping_non_artifact_source' logger='daad_harvester.discover' level='info' timestamp='2026-08-19T10:55:12.682012Z'
url='https://itch.io/games/lang-es' event='skipping_non_artifact_source' logger='daad_harvester.discover' level='info' timestamp='2026-08-19T10:55:12.682097Z'
url='https://itch.io/games/input-keyboard' event='skipping_non_artifact_source' logger='daad_harvester.discover' level='info' timestamp='2026-08-19T10:55:12.682190Z'
url='https://itch.io/games/accessibility-subtitles' event='skipping_non_artifact_source' logger='daad_harvester.discover' level='info' timestamp='2026-08-19T10:55:12.682277Z'
url='https://itch.io/games/accessibility-blind' event='skipping_non_artifact_source' logger='daad_harvester.discover' level='info' timestamp='2026-08-19T10:55:12.682362Z'
url='https://nataliapc.itch.io/zakilwoodmsx2/purchase' event='skipping_non_artifact_source' logger='daad_harvester.discover' level='info' timestamp='2026-08-19T10:55:12.682460Z'
url='https://nataliapc.itch.io/zakilwoodmsx2/devlog/117217/zakil-wood-msx2-remake-updated-v13' event='skipping_non_artifact_source' logger='daad_harvester.discover' level='info' timestamp='2026-08-19T10:55:12.682572Z'
url='https://nataliapc.itch.io/zakilwoodmsx2/devlog/110987/zakil-wood-msx2-remake-in-english-too' event='skipping_non_artifact_source' logger='daad_harvester.discover' level='info' timestamp='2026-08-19T10:55:12.682665Z'
url='https://nataliapc.itch.io/zakilwoodmsx2/devlog/110652/zakil-wood-msx2-remake-released-spanish' event='skipping_non_artifact_source' logger='daad_harvester.discover' level='info' timestamp='2026-08-19T10:55:12.682756Z'
url='https://itch.io/login?return_to=https%3A%2F%2Fnataliapc.itch.io%2Fzakilwoodmsx2' event='skipping_non_artifact_source' logger='daad_harvester.discover' level='info' timestamp='2026-08-19T10:55:12.682851Z'
url='https://itch.io/login?intent=community&return_to=https%3A%2F%2Fnataliapc.itch.io%2Fzakilwoodmsx2' event='skipping_non_artifact_source' logger='daad_harvester.discover' level='info' timestamp='2026-08-19T10:55:12.682946Z'
url='https://itch.io/login?intent=community&return_to=https%3A%2F%2Fnataliapc.itch.io%2Fzakilwoodmsx2' event='skipping_non_artifact_source' logger='daad_harvester.discover' level='info' timestamp='2026-08-19T10:55:12.683022Z'
url='https://itch.io/profile/thefarlander' event='skipping_non_artifact_source' logger='daad_harvester.discover' level='info' timestamp='2026-08-19T10:55:12.683110Z'
url='https://itch.io/profile/thefarlander' event='skipping_non_artifact_source' logger='daad_harvester.discover' level='info' timestamp='2026-08-19T10:55:12.683185Z'
url='https://itch.io/post/1938158' event='skipping_non_artifact_source' logger='daad_harvester.discover' level='info' timestamp='2026-08-19T10:55:12.683275Z'
url='https://itch.io/login?intent=community&return_to=https%3A%2F%2Fnataliapc.itch.io%2Fzakilwoodmsx2' event='skipping_non_artifact_source' logger='daad_harvester.discover' level='info' timestamp='2026-08-19T10:55:12.683358Z'
url='https://itch.io/login?intent=community&return_to=https%3A%2F%2Fnataliapc.itch.io%2Fzakilwoodmsx2' event='skipping_non_artifact_source' logger='daad_harvester.discover' level='info' timestamp='2026-08-19T10:55:12.683451Z'
url='https://itch.io/login?intent=community&return_to=https%3A%2F%2Fnataliapc.itch.io%2Fzakilwoodmsx2' event='skipping_non_artifact_source' logger='daad_harvester.discover' level='info' timestamp='2026-08-19T10:55:12.683531Z'
url='https://itch.io/profile/mastropiero' event='skipping_non_artifact_source' logger='daad_harvester.discover' level='info' timestamp='2026-08-19T10:55:12.683619Z'
url='https://itch.io/profile/mastropiero' event='skipping_non_artifact_source' logger='daad_harvester.discover' level='info' timestamp='2026-08-19T10:55:12.683690Z'
url='https://itch.io/post/1890563' event='skipping_non_artifact_source' logger='daad_harvester.discover' level='info' timestamp='2026-08-19T10:55:12.683773Z'
url='https://itch.io/login?intent=community&return_to=https%3A%2F%2Fnataliapc.itch.io%2Fzakilwoodmsx2' event='skipping_non_artifact_source' logger='daad_harvester.discover' level='info' timestamp='2026-08-19T10:55:12.683849Z'
url='https://itch.io/login?intent=community&return_to=https%3A%2F%2Fnataliapc.itch.io%2Fzakilwoodmsx2' event='skipping_non_artifact_source' logger='daad_harvester.discover' level='info' timestamp='2026-08-19T10:55:12.683926Z'
url='https://itch.io/login?intent=community&return_to=https%3A%2F%2Fnataliapc.itch.io%2Fzakilwoodmsx2' event='skipping_non_artifact_source' logger='daad_harvester.discover' level='info' timestamp='2026-08-19T10:55:12.684001Z'
url='https://itch.io/profile/nataliapc' event='skipping_non_artifact_source' logger='daad_harvester.discover' level='info' timestamp='2026-08-19T10:55:12.684082Z'
url='https://itch.io/profile/nataliapc' event='skipping_non_artifact_source' logger='daad_harvester.discover' level='info' timestamp='2026-08-19T10:55:12.684158Z'
url='https://itch.io/post/1894151' event='skipping_non_artifact_source' logger='daad_harvester.discover' level='info' timestamp='2026-08-19T10:55:12.684245Z'
url='https://itch.io/login?intent=community&return_to=https%3A%2F%2Fnataliapc.itch.io%2Fzakilwoodmsx2' event='skipping_non_artifact_source' logger='daad_harvester.discover' level='info' timestamp='2026-08-19T10:55:12.684327Z'
url='https://itch.io/login?intent=community&return_to=https%3A%2F%2Fnataliapc.itch.io%2Fzakilwoodmsx2' event='skipping_non_artifact_source' logger='daad_harvester.discover' level='info' timestamp='2026-08-19T10:55:12.684400Z'
url='https://itch.io/login?intent=community&return_to=https%3A%2F%2Fnataliapc.itch.io%2Fzakilwoodmsx2' event='skipping_non_artifact_source' logger='daad_harvester.discover' level='info' timestamp='2026-08-19T10:55:12.684499Z'
url='https://itch.io/profile/mastropiero' event='skipping_non_artifact_source' logger='daad_harvester.discover' level='info' timestamp='2026-08-19T10:55:12.684570Z'
url='https://itch.io/profile/mastropiero' event='skipping_non_artifact_source' logger='daad_harvester.discover' level='info' timestamp='2026-08-19T10:55:12.684638Z'
url='https://itch.io/post/1895246' event='skipping_non_artifact_source' logger='daad_harvester.discover' level='info' timestamp='2026-08-19T10:55:12.684729Z'
url='https://itch.io/login?intent=community&return_to=https%3A%2F%2Fnataliapc.itch.io%2Fzakilwoodmsx2' event='skipping_non_artifact_source' logger='daad_harvester.discover' level='info' timestamp='2026-08-19T10:55:12.684806Z'
url='https://itch.io/login?intent=community&return_to=https%3A%2F%2Fnataliapc.itch.io%2Fzakilwoodmsx2' event='skipping_non_artifact_source' logger='daad_harvester.discover' level='info' timestamp='2026-08-19T10:55:12.684884Z'
url='https://itch.io/login?intent=community&return_to=https%3A%2F%2Fnataliapc.itch.io%2Fzakilwoodmsx2' event='skipping_non_artifact_source' logger='daad_harvester.discover' level='info' timestamp='2026-08-19T10:55:12.684962Z'
url='https://itch.io/profile/dynastichero' event='skipping_non_artifact_source' logger='daad_harvester.discover' level='info' timestamp='2026-08-19T10:55:12.685145Z'
url='https://itch.io/profile/dynastichero' event='skipping_non_artifact_source' logger='daad_harvester.discover' level='info' timestamp='2026-08-19T10:55:12.685220Z'
url='https://itch.io/post/1760847' event='skipping_non_artifact_source' logger='daad_harvester.discover' level='info' timestamp='2026-08-19T10:55:12.685309Z'
url='https://itch.io/login?intent=community&return_to=https%3A%2F%2Fnataliapc.itch.io%2Fzakilwoodmsx2' event='skipping_non_artifact_source' logger='daad_harvester.discover' level='info' timestamp='2026-08-19T10:55:12.685387Z'
url='https://img.itch.zone/aW1nLzI2OTc5MTgucG5n/original/RLmPip.png' event='skipping_non_artifact_source' logger='daad_harvester.discover' level='info' timestamp='2026-08-19T10:55:12.685507Z'
url='https://itch.io/' event='skipping_non_artifact_source' logger='daad_harvester.discover' level='info' timestamp='2026-08-19T10:55:12.685599Z'
url='https://itch.io/' event='skipping_non_artifact_source' logger='daad_harvester.discover' level='info' timestamp='2026-08-19T10:55:12.685682Z'
url='https://nataliapc.itch.io' event='skipping_non_artifact_source' logger='daad_harvester.discover' level='info' timestamp='2026-08-19T10:55:12.685753Z'
url='javascript:void(0);' event='skipping_non_artifact_source' logger='daad_harvester.discover' level='info' timestamp='2026-08-19T10:55:12.685829Z'
url='javascript:void(0);' event='skipping_non_artifact_source' logger='daad_harvester.discover' level='info' timestamp='2026-08-19T10:55:12.685893Z'
url='https://itch.io/games' event='skipping_non_artifact_source' logger='daad_harvester.discover' level='info' timestamp='2026-08-19T10:55:12.686002Z'
url='https://itch.io/games/tag-interactive-fiction' event='skipping_non_artifact_source' logger='daad_harvester.discover' level='info' timestamp='2026-08-19T10:55:12.686101Z'
url='https://itch.io/games/free' event='skipping_non_artifact_source' logger='daad_harvester.discover' level='info' timestamp='2026-08-19T10:55:12.686207Z'
url='https://dareint.itch.io/erinia-spanish' attempt=1 event='fetching_discovery_url' logger='daad_harvester.discover' level='info' timestamp='2026-08-19T10:55:12.686392Z'
url='http://8-bit.info/infinite-imaginations-aventuras-ad/' event='skipping_non_artifact_source' logger='daad_harvester.discover' level='info' timestamp='2026-08-19T10:55:12.765964Z'
url='http://8-bit.info/infinite-imaginations-aventuras-ad/' event='skipping_non_artifact_source' logger='daad_harvester.discover' level='info' timestamp='2026-08-19T10:55:12.766197Z'
url='https://www.ifwiki.org/DAAD' event='skipping_non_artifact_source' logger='daad_harvester.discover' level='info' timestamp='2026-08-19T10:55:12.766283Z'
url='https://www.ifwiki.org/DAAD' event='skipping_non_artifact_source' logger='daad_harvester.discover' level='info' timestamp='2026-08-19T10:55:12.766339Z'
url='https://archive.org/details/Aventura_Espacial_La_1990_Aventuras_AD_es_cpm_version' event='skipping_non_artifact_source' logger='daad_harvester.discover' level='info' timestamp='2026-08-19T10:55:12.766401Z'
url='https://archive.org/details/Aventura_Espacial_La_1990_Aventuras_AD_es_cpm_version' event='skipping_non_artifact_source' logger='daad_harvester.discover' level='info' timestamp='2026-08-19T10:55:12.766493Z'
url='https://www.myabandonware.com/browse/publisher/aventuras-ad-zx/' event='skipping_non_artifact_source' logger='daad_harvester.discover' level='info' timestamp='2026-08-19T10:55:12.766555Z'
url='https://www.myabandonware.com/browse/publisher/aventuras-ad-zx/' event='skipping_non_artifact_source' logger='daad_harvester.discover' level='info' timestamp='2026-08-19T10:55:12.766606Z'
url='https://archive.org/details/zx_Ci_U_Than_Trilogy_II_Los_Templos_Sagrados_1991_Aventuras_AD_es_Part_2_of_2' event='skipping_non_artifact_source' logger='daad_harvester.discover' level='info' timestamp='2026-08-19T10:55:12.766660Z'
url='https://archive.org/details/zx_Ci_U_Than_Trilogy_II_Los_Templos_Sagrados_1991_Aventuras_AD_es_Part_2_of_2' event='skipping_non_artifact_source' logger='daad_harvester.discover' level='info' timestamp='2026-08-19T10:55:12.766708Z'
url='https://www.gamesdatabase.org/developer-aventuras_ad' event='skipping_non_artifact_source' logger='daad_harvester.discover' level='info' timestamp='2026-08-19T10:55:12.766761Z'
url='https://www.gamesdatabase.org/developer-aventuras_ad' event='skipping_non_artifact_source' logger='daad_harvester.discover' level='info' timestamp='2026-08-19T10:55:12.766809Z'
url='https://www.myabandonware.com/browse/developer/aventuras-ad-zx/' event='skipping_non_artifact_source' logger='daad_harvester.discover' level='info' timestamp='2026-08-19T10:55:12.766869Z'
url='https://www.myabandonware.com/browse/developer/aventuras-ad-zx/' event='skipping_non_artifact_source' logger='daad_harvester.discover' level='info' timestamp='2026-08-19T10:55:12.766921Z'
url='https://medium.com/@uto_dev/the-commodore-amiga-and-daad-6ae79d0dd7f1' event='skipping_non_artifact_source' logger='daad_harvester.discover' level='info' timestamp='2026-08-19T10:55:12.766975Z'
url='https://medium.com/@uto_dev/the-commodore-amiga-and-daad-6ae79d0dd7f1' event='skipping_non_artifact_source' logger='daad_harvester.discover' level='info' timestamp='2026-08-19T10:55:12.767024Z'
url='https://github.com/jlcebrian/ADP' event='skipping_non_artifact_source' logger='daad_harvester.discover' level='info' timestamp='2026-08-19T10:55:12.767086Z'
url='https://github.com/jlcebrian/ADP' event='skipping_non_artifact_source' logger='daad_harvester.discover' level='info' timestamp='2026-08-19T10:55:12.767145Z'
url='https://www.gamesdatabase.org/publisher-aventuras_ad' event='skipping_non_artifact_source' logger='daad_harvester.discover' level='info' timestamp='2026-08-19T10:55:12.767211Z'
url='https://www.gamesdatabase.org/publisher-aventuras_ad' event='skipping_non_artifact_source' logger='daad_harvester.discover' level='info' timestamp='2026-08-19T10:55:12.767260Z'
url='https://html.duckduckgo.com/html/?q=DAAD%20Ready%20games%20zip%20download' attempt=1 event='fetching_discovery_url' logger='daad_harvester.discover' level='info' timestamp='2026-08-19T10:55:12.767332Z'
url='https://wiki.caad.es/index.php?title=Especial:Entrar&returnto=DAAD+Ready' event='skipping_non_artifact_source' logger='daad_harvester.discover' level='info' timestamp='2026-08-19T10:55:12.841248Z'
url='https://wiki.caad.es/Especial:Pedir_cuenta_de_usuario' event='skipping_non_artifact_source' logger='daad_harvester.discover' level='info' timestamp='2026-08-19T10:55:12.841650Z'
url='https://wiki.caad.es/P%C3%A1gina_principal' event='skipping_non_artifact_source' logger='daad_harvester.discover' level='info' timestamp='2026-08-19T10:55:12.841812Z'
url='https://wiki.caad.es/DAAD_Ready' event='skipping_non_artifact_source' logger='daad_harvester.discover' level='info' timestamp='2026-08-19T10:55:12.841950Z'
url='https://wiki.caad.es/index.php?title=Discusi%C3%B3n:DAAD_Ready&action=edit&redlink=1' event='skipping_non_artifact_source' logger='daad_harvester.discover' level='info' timestamp='2026-08-19T10:55:12.842061Z'
url='https://wiki.caad.es/DAAD_Ready' event='skipping_non_artifact_source' logger='daad_harvester.discover' level='info' timestamp='2026-08-19T10:55:12.842155Z'
url='https://wiki.caad.es/index.php?title=DAAD_Ready&action=edit' event='skipping_non_artifact_source' logger='daad_harvester.discover' level='info' timestamp='2026-08-19T10:55:12.842264Z'
url='https://wiki.caad.es/index.php?title=DAAD_Ready&action=history' event='skipping_non_artifact_source' logger='daad_harvester.discover' level='info' timestamp='2026-08-19T10:55:12.842357Z'
url='https://wiki.caad.es/index.php?title=DAAD_Ready&action=purge' event='skipping_non_artifact_source' logger='daad_harvester.discover' level='info' timestamp='2026-08-19T10:55:12.842501Z'
url='https://wiki.caad.es/DAAD' event='skipping_non_artifact_source' logger='daad_harvester.discover' level='info' timestamp='2026-08-19T10:55:12.842608Z'
url='https://wiki.caad.es/DAAD_Ready#Orígenes_y_motivación' event='skipping_non_artifact_source' logger='daad_harvester.discover' level='info' timestamp='2026-08-19T10:55:12.842704Z'
url='https://wiki.caad.es/DAAD_Ready#Funcionalidades_clave' event='skipping_non_artifact_source' logger='daad_harvester.discover' level='info' timestamp='2026-08-19T10:55:12.842796Z'
url='https://wiki.caad.es/DAAD_Ready#Recursos_y_comunidad' event='skipping_non_artifact_source' logger='daad_harvester.discover' level='info' timestamp='2026-08-19T10:55:12.842892Z'
url='https://wiki.caad.es/DAAD_Ready#Juegos_hechos_con_DAAD' event='skipping_non_artifact_source' logger='daad_harvester.discover' level='info' timestamp='2026-08-19T10:55:12.842979Z'
url='https://wiki.caad.es/Maluva_(utilidad)' event='skipping_non_artifact_source' logger='daad_harvester.discover' level='info' timestamp='2026-08-19T10:55:12.843075Z'
url='https://wiki.caad.es/Uto' event='skipping_non_artifact_source' logger='daad_harvester.discover' level='info' timestamp='2026-08-19T10:55:12.843167Z'
url='https://medium.com/@uto_dev/a-daad-tutorial-for-beginners-1-b2568ec4df05' event='skipping_non_artifact_source' logger='daad_harvester.discover' level='info' timestamp='2026-08-19T10:55:12.843263Z'
url='https://www.caad.club/eaad' event='skipping_non_artifact_source' logger='daad_harvester.discover' level='info' timestamp='2026-08-19T10:55:12.843370Z'
url='https://t.me/daadready' event='skipping_non_artifact_source' logger='daad_harvester.discover' level='info' timestamp='2026-08-19T10:55:12.843532Z'
url='https://wiki.caad.es/Aventuras_AD' event='skipping_non_artifact_source' logger='daad_harvester.discover' level='info' timestamp='2026-08-19T10:55:12.843646Z'
url='https://wiki.caad.es/El_cetro_del_sol' event='skipping_non_artifact_source' logger='daad_harvester.discover' level='info' timestamp='2026-08-19T10:55:12.843748Z'
url='https://wiki.caad.es/El_chico_de_los_recados' event='skipping_non_artifact_source' logger='daad_harvester.discover' level='info' timestamp='2026-08-19T10:55:12.843850Z'
url='https://wiki.caad.es/El_Hobbit' event='skipping_non_artifact_source' logger='daad_harvester.discover' level='info' timestamp='2026-08-19T10:55:12.843950Z'
url='https://wiki.caad.es/index.php?title=Elf&action=edit&redlink=1' event='skipping_non_artifact_source' logger='daad_harvester.discover' level='info' timestamp='2026-08-19T10:55:12.844051Z'
url='https://wiki.caad.es/index.php?title=En_busca_del_parser_perdido&action=edit&redlink=1' event='skipping_non_artifact_source' logger='daad_harvester.discover' level='info' timestamp='2026-08-19T10:55:12.844185Z'
url='https://wiki.caad.es/index.php?title=Golden_Seas&action=edit&redlink=1' event='skipping_non_artifact_source' logger='daad_harvester.discover' level='info' timestamp='2026-08-19T10:55:12.844291Z'
url='https://wiki.caad.es/index.php?title=King%27s_Ransom&action=edit&redlink=1' event='skipping_non_artifact_source' logger='daad_harvester.discover' level='info' timestamp='2026-08-19T10:55:12.844388Z'
url='https://wiki.caad.es/index.php?title=La_casa_al_otro_lado_de_la_tormenta&action=edit&redlink=1' event='skipping_non_artifact_source' logger='daad_harvester.discover' level='info' timestamp='2026-08-19T10:55:12.844521Z'
url='https://wiki.caad.es/La_Estrella_de_la_Ma%C3%B1ana_-_Remake' event='skipping_non_artifact_source' logger='daad_harvester.discover' level='info' timestamp='2026-08-19T10:55:12.844707Z'
url='https://wiki.caad.es/La_sorpresa' event='skipping_non_artifact_source' logger='daad_harvester.discover' level='info' timestamp='2026-08-19T10:55:12.844803Z'
url='https://wiki.caad.es/Las_aventuras_de_Rudolphine_Rur' event='skipping_non_artifact_source' logger='daad_harvester.discover' level='info' timestamp='2026-08-19T10:55:12.844896Z'
url='https://wiki.caad.es/Los_elfos_de_Maroland' event='skipping_non_artifact_source' logger='daad_harvester.discover' level='info' timestamp='2026-08-19T10:55:12.845018Z'
url='https://wiki.caad.es/Mystery_City' event='skipping_non_artifact_source' logger='daad_harvester.discover' level='info' timestamp='2026-08-19T10:55:12.845126Z'
url='https://wiki.caad.es/index.php?title=Rite_of_the_Druid&action=edit&redlink=1' event='skipping_non_artifact_source' logger='daad_harvester.discover' level='info' timestamp='2026-08-19T10:55:12.845222Z'
url='https://wiki.caad.es/index.php?title=Tantalos&action=edit&redlink=1' event='skipping_non_artifact_source' logger='daad_harvester.discover' level='info' timestamp='2026-08-19T10:55:12.845317Z'
url='https://wiki.caad.es/The_Curse_of_Rabenstein' event='skipping_non_artifact_source' logger='daad_harvester.discover' level='info' timestamp='2026-08-19T10:55:12.845411Z'
url='https://wiki.caad.es/index.php?title=The_Dragnet_Case&action=edit&redlink=1' event='skipping_non_artifact_source' logger='daad_harvester.discover' level='info' timestamp='2026-08-19T10:55:12.845546Z'
url='https://wiki.caad.es/index.php?title=The_Mystery_of_Markham_Manor&action=edit&redlink=1' event='skipping_non_artifact_source' logger='daad_harvester.discover' level='info' timestamp='2026-08-19T10:55:12.845643Z'
url='https://wiki.caad.es/index.php?title=Venganza,_la_sierva_de_la_muerte&action=edit&redlink=1' event='skipping_non_artifact_source' logger='daad_harvester.discover' level='info' timestamp='2026-08-19T10:55:12.845745Z'
url='https://wiki.caad.es/index.php?title=Zakil_Wood&action=edit&redlink=1' event='skipping_non_artifact_source' logger='daad_harvester.discover' level='info' timestamp='2026-08-19T10:55:12.845842Z'
url='https://wiki.caad.es/index.php?title=DAAD_Ready&oldid=13627' event='skipping_non_artifact_source' logger='daad_harvester.discover' level='info' timestamp='2026-08-19T10:55:12.845948Z'
url='https://wiki.caad.es/Especial:Categor%C3%ADas' event='skipping_non_artifact_source' logger='daad_harvester.discover' level='info' timestamp='2026-08-19T10:55:12.846061Z'
url='https://wiki.caad.es/Categor%C3%ADa:Herramientas_de_desarrollo' event='skipping_non_artifact_source' logger='daad_harvester.discover' level='info' timestamp='2026-08-19T10:55:12.846166Z'
url='https://wiki.caad.es/Categor%C3%ADa:Sistemas_de_autor%C3%ADa' event='skipping_non_artifact_source' logger='daad_harvester.discover' level='info' timestamp='2026-08-19T10:55:12.846276Z'
url='https://wiki.caad.es/P%C3%A1gina_principal' event='skipping_non_artifact_source' logger='daad_harvester.discover' level='info' timestamp='2026-08-19T10:55:12.846367Z'
url='https://wiki.caad.es/Formulario:Juegos' event='skipping_non_artifact_source' logger='daad_harvester.discover' level='info' timestamp='2026-08-19T10:55:12.846519Z'
url='https://wiki.caad.es/Formulario:Noticia' event='skipping_non_artifact_source' logger='daad_harvester.discover' level='info' timestamp='2026-08-19T10:55:12.846619Z'
url='https://wiki.caad.es/Categor%C3%ADa:Juegos' event='skipping_non_artifact_source' logger='daad_harvester.discover' level='info' timestamp='2026-08-19T10:55:12.846737Z'
url='https://wiki.caad.es/Categor%C3%ADa:Autores' event='skipping_non_artifact_source' logger='daad_harvester.discover' level='info' timestamp='2026-08-19T10:55:12.846844Z'
url='https://wiki.caad.es/Categor%C3%ADa:Herramientas_desarrollo' event='skipping_non_artifact_source' logger='daad_harvester.discover' level='info' timestamp='2026-08-19T10:55:12.846966Z'
url='https://wiki.caad.es/Categor%C3%ADa:N%C3%BAmeros_del_CAAD' event='skipping_non_artifact_source' logger='daad_harvester.discover' level='info' timestamp='2026-08-19T10:55:12.847069Z'
url='https://wiki.caad.es/Anuario_aventurero' event='skipping_non_artifact_source' logger='daad_harvester.discover' level='info' timestamp='2026-08-19T10:55:12.847168Z'
url='https://wiki.caad.es/index.php/Especial:Categor%C3%ADas' event='skipping_non_artifact_source' logger='daad_harvester.discover' level='info' timestamp='2026-08-19T10:55:12.847278Z'
url='https://wiki.caad.es/P%C3%A1gina_principal' event='skipping_non_artifact_source' logger='daad_harvester.discover' level='info' timestamp='2026-08-19T10:55:12.847373Z'
url='https://wiki.caad.es/Especial:CambiosRecientes' event='skipping_non_artifact_source' logger='daad_harvester.discover' level='info' timestamp='2026-08-19T10:55:12.847499Z'
url='https://wiki.caad.es/Especial:Aleatoria' event='skipping_non_artifact_source' logger='daad_harvester.discover' level='info' timestamp='2026-08-19T10:55:12.847601Z'
url='https://www.mediawiki.org/wiki/Special:MyLanguage/Help:Contents' event='skipping_non_artifact_source' logger='daad_harvester.discover' level='info' timestamp='2026-08-19T10:55:12.847720Z'
url='https://wiki.caad.es/index.php?title=Especial:Confirmar_cuentas' event='skipping_non_artifact_source' logger='daad_harvester.discover' level='info' timestamp='2026-08-19T10:55:12.847840Z'
url='https://wiki.caad.es/index.php/Especial:PermisosUsuarios' event='skipping_non_artifact_source' logger='daad_harvester.discover' level='info' timestamp='2026-08-19T10:55:12.847941Z'
url='https://wiki.caad.es/Especial:P%C3%A1ginasEspeciales' event='skipping_non_artifact_source' logger='daad_harvester.discover' level='info' timestamp='2026-08-19T10:55:12.848046Z'
url='https://wiki.caad.es/index.php?title=DAAD_Ready&action=pagevalues' event='skipping_non_artifact_source' logger='daad_harvester.discover' level='info' timestamp='2026-08-19T10:55:12.848154Z'
url='https://wiki.caad.es/index.php?title=Especial:Citar&page=DAAD_Ready&id=13627&wpFormIdentifier=titleform' event='skipping_non_artifact_source' logger='daad_harvester.discover' level='info' timestamp='2026-08-19T10:55:12.848259Z'
url='https://wiki.caad.es/Especial:LoQueEnlazaAqu%C3%AD/DAAD_Ready' event='skipping_non_artifact_source' logger='daad_harvester.discover' level='info' timestamp='2026-08-19T10:55:12.848377Z'
url='https://wiki.caad.es/Especial:CambiosEnEnlazadas/DAAD_Ready' event='skipping_non_artifact_source' logger='daad_harvester.discover' level='info' timestamp='2026-08-19T10:55:12.848517Z'
url='javascript:print();' event='skipping_non_artifact_source' logger='daad_harvester.discover' level='info' timestamp='2026-08-19T10:55:12.848596Z'
url='https://wiki.caad.es/index.php?title=DAAD_Ready&oldid=13627' event='skipping_non_artifact_source' logger='daad_harvester.discover' level='info' timestamp='2026-08-19T10:55:12.848684Z'
url='https://wiki.caad.es/index.php?title=DAAD_Ready&action=info' event='skipping_non_artifact_source' logger='daad_harvester.discover' level='info' timestamp='2026-08-19T10:55:12.848767Z'
url='https://wiki.caad.es/index.php?title=Especial:Registro&page=DAAD+Ready' event='skipping_non_artifact_source' logger='daad_harvester.discover' level='info' timestamp='2026-08-19T10:55:12.848876Z'
url='https://wiki.caad.es/Categor%C3%ADa:Herramientas_de_desarrollo' event='skipping_non_artifact_source' logger='daad_harvester.discover' level='info' timestamp='2026-08-19T10:55:12.849010Z'
url='https://wiki.caad.es/Categor%C3%ADa:Sistemas_de_autor%C3%ADa' event='skipping_non_artifact_source' logger='daad_harvester.discover' level='info' timestamp='2026-08-19T10:55:12.849123Z'
url='https://creativecommons.org/licenses/by-nc-sa/4.0/' event='skipping_non_artifact_source' logger='daad_harvester.discover' level='info' timestamp='2026-08-19T10:55:12.849230Z'
url='https://www.mediawiki.org/' event='skipping_non_artifact_source' logger='daad_harvester.discover' level='info' timestamp='2026-08-19T10:55:12.849350Z'
url='https://creativecommons.org/licenses/by-nc-sa/4.0/' event='skipping_non_artifact_source' logger='daad_harvester.discover' level='info' timestamp='2026-08-19T10:55:12.849479Z'
url='https://wiki.caad.es/wikiCAAD:Pol%C3%ADtica_de_privacidad' event='skipping_non_artifact_source' logger='daad_harvester.discover' level='info' timestamp='2026-08-19T10:55:12.849618Z'
url='https://wiki.caad.es/wikiCAAD:Acerca_de' event='skipping_non_artifact_source' logger='daad_harvester.discover' level='info' timestamp='2026-08-19T10:55:12.849723Z'
url='https://wiki.caad.es/wikiCAAD:Descargo_general' event='skipping_non_artifact_source' logger='daad_harvester.discover' level='info' timestamp='2026-08-19T10:55:12.849829Z'
HTTP Request: GET https://csdb.dk/search/?search=daad "HTTP/1.1 302 Found"
url='https://api.github.com/search/repositories?q=topic%3Aaventuras-ad&sort=updated' attempt=1 event='fetching_discovery_url' logger='daad_harvester.discover' level='info' timestamp='2026-08-19T10:55:12.851811Z'
HTTP Request: GET https://www.atarimania.com/game-atari-st-jabato-vs-imperio_9665.html "HTTP/1.1 200 OK"
HTTP Request: GET https://plus4world.powweb.com/software/Hibernated_1 "HTTP/1.1 200 OK"
url='https://plus4world.powweb.com/home' event='skipping_non_artifact_source' logger='daad_harvester.discover' level='info' timestamp='2026-08-19T10:55:12.910037Z'
url='https://plus4world.powweb.com/search' event='skipping_non_artifact_source' logger='daad_harvester.discover' level='info' timestamp='2026-08-19T10:55:12.910212Z'
url='https://plus4world.powweb.com/games' event='skipping_non_artifact_source' logger='daad_harvester.discover' level='info' timestamp='2026-08-19T10:55:12.910283Z'
url='https://plus4world.powweb.com/tapes' event='skipping_non_artifact_source' logger='daad_harvester.discover' level='info' timestamp='2026-08-19T10:55:12.910347Z'
url='https://plus4world.powweb.com/covers' event='skipping_non_artifact_source' logger='daad_harvester.discover' level='info' timestamp='2026-08-19T10:55:12.910407Z'
url='https://plus4world.powweb.com/cheats' event='skipping_non_artifact_source' logger='daad_harvester.discover' level='info' timestamp='2026-08-19T10:55:12.910508Z'
url='https://plus4world.powweb.com/maps' event='skipping_non_artifact_source' logger='daad_harvester.discover' level='info' timestamp='2026-08-19T10:55:12.910567Z'
url='https://plus4world.powweb.com/sl/100' event='skipping_non_artifact_source' logger='daad_harvester.discover' level='info' timestamp='2026-08-19T10:55:12.910624Z'
url='https://plus4world.powweb.com/newstuff' event='skipping_non_artifact_source' logger='daad_harvester.discover' level='info' timestamp='2026-08-19T10:55:12.910680Z'
url='https://plus4world.powweb.com/halloffame' event='skipping_non_artifact_source' logger='daad_harvester.discover' level='info' timestamp='2026-08-19T10:55:12.910737Z'
url='https://plus4world.powweb.com/hvtc' event='skipping_non_artifact_source' logger='daad_harvester.discover' level='info' timestamp='2026-08-19T10:55:12.910791Z'
url='https://plus4world.powweb.com/gameendings' event='skipping_non_artifact_source' logger='daad_harvester.discover' level='info' timestamp='2026-08-19T10:55:12.910846Z'
url='https://plus4world.powweb.com/solutions' event='skipping_non_artifact_source' logger='daad_harvester.discover' level='info' timestamp='2026-08-19T10:55:12.910922Z'
url='https://plus4world.powweb.com/remakes' event='skipping_non_artifact_source' logger='daad_harvester.discover' level='info' timestamp='2026-08-19T10:55:12.910980Z'
url='https://plus4world.powweb.com/publications' event='skipping_non_artifact_source' logger='daad_harvester.discover' level='info' timestamp='2026-08-19T10:55:12.911035Z'
url='https://plus4world.powweb.com/mags' event='skipping_non_artifact_source' logger='daad_harvester.discover' level='info' timestamp='2026-08-19T10:55:12.911089Z'
url='https://plus4world.powweb.com/effects' event='skipping_non_artifact_source' logger='daad_harvester.discover' level='info' timestamp='2026-08-19T10:55:12.911141Z'
url='https://plus4world.powweb.com/toplist' event='skipping_non_artifact_source' logger='daad_harvester.discover' level='info' timestamp='2026-08-19T10:55:12.911193Z'
url='https://plus4world.powweb.com/members' event='skipping_non_artifact_source' logger='daad_harvester.discover' level='info' timestamp='2026-08-19T10:55:12.911245Z'
url='https://plus4world.powweb.com/groups' event='skipping_non_artifact_source' logger='daad_harvester.discover' level='info' timestamp='2026-08-19T10:55:12.911299Z'
url='https://plus4world.powweb.com/features' event='skipping_non_artifact_source' logger='daad_harvester.discover' level='info' timestamp='2026-08-19T10:55:12.911351Z'
url='https://plus4world.powweb.com/features/upload' event='skipping_non_artifact_source' logger='daad_harvester.discover' level='info' timestamp='2026-08-19T10:55:12.911405Z'
url='https://plus4world.powweb.com/plus4encyclopedia' event='skipping_non_artifact_source' logger='daad_harvester.discover' level='info' timestamp='2026-08-19T10:55:12.911486Z'
url='https://plus4world.powweb.com/hardware' event='skipping_non_artifact_source' logger='daad_harvester.discover' level='info' timestamp='2026-08-19T10:55:12.911543Z'
url='https://plus4world.powweb.com/tools' event='skipping_non_artifact_source' logger='daad_harvester.discover' level='info' timestamp='2026-08-19T10:55:12.911597Z'
url='https://plus4world.powweb.com/options' event='skipping_non_artifact_source' logger='daad_harvester.discover' level='info' timestamp='2026-08-19T10:55:12.911649Z'
url='https://plus4world.powweb.com/forum#pagetop' event='skipping_non_artifact_source' logger='daad_harvester.discover' level='info' timestamp='2026-08-19T10:55:12.911704Z'
url='https://plus4world.powweb.com/home' event='skipping_non_artifact_source' logger='daad_harvester.discover' level='info' timestamp='2026-08-19T10:55:12.911751Z'
url='https://plus4world.powweb.com/search' event='skipping_non_artifact_source' logger='daad_harvester.discover' level='info' timestamp='2026-08-19T10:55:12.911796Z'
url='https://plus4world.powweb.com/games' event='skipping_non_artifact_source' logger='daad_harvester.discover' level='info' timestamp='2026-08-19T10:55:12.911841Z'
url='https://plus4world.powweb.com/tapes' event='skipping_non_artifact_source' logger='daad_harvester.discover' level='info' timestamp='2026-08-19T10:55:12.911888Z'
url='https://plus4world.powweb.com/covers' event='skipping_non_artifact_source' logger='daad_harvester.discover' level='info' timestamp='2026-08-19T10:55:12.911943Z'
url='https://plus4world.powweb.com/cheats' event='skipping_non_artifact_source' logger='daad_harvester.discover' level='info' timestamp='2026-08-19T10:55:12.911986Z'
url='https://plus4world.powweb.com/maps' event='skipping_non_artifact_source' logger='daad_harvester.discover' level='info' timestamp='2026-08-19T10:55:12.912029Z'
url='https://plus4world.powweb.com/sl/100' event='skipping_non_artifact_source' logger='daad_harvester.discover' level='info' timestamp='2026-08-19T10:55:12.912074Z'
url='https://plus4world.powweb.com/newstuff' event='skipping_non_artifact_source' logger='daad_harvester.discover' level='info' timestamp='2026-08-19T10:55:12.912119Z'
url='https://plus4world.powweb.com/halloffame' event='skipping_non_artifact_source' logger='daad_harvester.discover' level='info' timestamp='2026-08-19T10:55:12.912162Z'
url='https://plus4world.powweb.com/hvtc' event='skipping_non_artifact_source' logger='daad_harvester.discover' level='info' timestamp='2026-08-19T10:55:12.912209Z'
url='https://plus4world.powweb.com/gameendings' event='skipping_non_artifact_source' logger='daad_harvester.discover' level='info' timestamp='2026-08-19T10:55:12.912250Z'
url='https://plus4world.powweb.com/solutions' event='skipping_non_artifact_source' logger='daad_harvester.discover' level='info' timestamp='2026-08-19T10:55:12.912294Z'
url='https://plus4world.powweb.com/remakes' event='skipping_non_artifact_source' logger='daad_harvester.discover' level='info' timestamp='2026-08-19T10:55:12.912340Z'
url='https://plus4world.powweb.com/publications' event='skipping_non_artifact_source' logger='daad_harvester.discover' level='info' timestamp='2026-08-19T10:55:12.912384Z'
url='https://plus4world.powweb.com/mags' event='skipping_non_artifact_source' logger='daad_harvester.discover' level='info' timestamp='2026-08-19T10:55:12.912447Z'
url='https://plus4world.powweb.com/effects' event='skipping_non_artifact_source' logger='daad_harvester.discover' level='info' timestamp='2026-08-19T10:55:12.912503Z'
url='https://plus4world.powweb.com/toplist' event='skipping_non_artifact_source' logger='daad_harvester.discover' level='info' timestamp='2026-08-19T10:55:12.912550Z'
url='https://plus4world.powweb.com/members' event='skipping_non_artifact_source' logger='daad_harvester.discover' level='info' timestamp='2026-08-19T10:55:12.912595Z'
url='https://plus4world.powweb.com/groups' event='skipping_non_artifact_source' logger='daad_harvester.discover' level='info' timestamp='2026-08-19T10:55:12.912639Z'
url='https://plus4world.powweb.com/features' event='skipping_non_artifact_source' logger='daad_harvester.discover' level='info' timestamp='2026-08-19T10:55:12.912683Z'
url='https://plus4world.powweb.com/features/upload' event='skipping_non_artifact_source' logger='daad_harvester.discover' level='info' timestamp='2026-08-19T10:55:12.912727Z'
url='https://plus4world.powweb.com/plus4encyclopedia' event='skipping_non_artifact_source' logger='daad_harvester.discover' level='info' timestamp='2026-08-19T10:55:12.912771Z'
url='https://plus4world.powweb.com/hardware' event='skipping_non_artifact_source' logger='daad_harvester.discover' level='info' timestamp='2026-08-19T10:55:12.912815Z'
url='https://plus4world.powweb.com/tools' event='skipping_non_artifact_source' logger='daad_harvester.discover' level='info' timestamp='2026-08-19T10:55:12.912859Z'
url='https://plus4world.powweb.com/options' event='skipping_non_artifact_source' logger='daad_harvester.discover' level='info' timestamp='2026-08-19T10:55:12.912909Z'
url='https://plus4world.powweb.com/forum#pagetop' event='skipping_non_artifact_source' logger='daad_harvester.discover' level='info' timestamp='2026-08-19T10:55:12.912959Z'
url='https://plus4world.powweb.com/login.php' event='skipping_non_artifact_source' logger='daad_harvester.discover' level='info' timestamp='2026-08-19T10:55:12.913058Z'
url='https://plus4world.powweb.com/series/Hibernated' event='skipping_non_artifact_source' logger='daad_harvester.discover' level='info' timestamp='2026-08-19T10:55:12.913114Z'
url='https://plus4world.powweb.com/software/Hibernated_1_-_Directors_Cut' event='skipping_non_artifact_source' logger='daad_harvester.discover' level='info' timestamp='2026-08-19T10:55:12.913170Z'
url='https://plus4world.powweb.com/software/Eight_Feet_Under' event='skipping_non_artifact_source' logger='daad_harvester.discover' level='info' timestamp='2026-08-19T10:55:12.913223Z'
url='https://plus4world.powweb.com/software/Hibernated_2' event='skipping_non_artifact_source' logger='daad_harvester.discover' level='info' timestamp='2026-08-19T10:55:12.913276Z'
url='https://plus4world.powweb.com/sl/102' event='skipping_non_artifact_source' logger='daad_harvester.discover' level='info' timestamp='2026-08-19T10:55:12.913331Z'
url='https://plus4world.powweb.com/sl/2019' event='skipping_non_artifact_source' logger='daad_harvester.discover' level='info' timestamp='2026-08-19T10:55:12.913388Z'
url='https://plus4world.powweb.com/groups/Puddle' event='skipping_non_artifact_source' logger='daad_harvester.discover' level='info' timestamp='2026-08-19T10:55:12.913462Z'
url='https://plus4world.powweb.com/members/siz' event='skipping_non_artifact_source' logger='daad_harvester.discover' level='info' timestamp='2026-08-19T10:55:12.913522Z'
url='https://plus4world.powweb.com/members/Mermaid' event='skipping_non_artifact_source' logger='daad_harvester.discover' level='info' timestamp='2026-08-19T10:55:12.913576Z'
url='https://plus4world.powweb.com/members/Stefan_Vogt' event='skipping_non_artifact_source' logger='daad_harvester.discover' level='info' timestamp='2026-08-19T10:55:12.913630Z'
url='https://pondsoft.uk' event='skipping_non_artifact_source' logger='daad_harvester.discover' level='info' timestamp='2026-08-19T10:55:12.913685Z'
url='https://plus4world.powweb.com/dl/games/h/hibernated_1.zip' tier='archive' title='Hibernated 1 - Software Details - Plus/4 World' event='discovered_source' logger='daad_harvester.discover' level='info' timestamp='2026-08-19T10:55:12.920062Z'
url='https://plus4world.powweb.com/dl/games/h/hibernated_1.zip' event='skipping_duplicate_source' logger='daad_harvester.discover' level='info' timestamp='2026-08-19T10:55:12.920249Z'
url='http://c64.rulez.org/pub/plus4/Games/h/Hibernated_1.zip' tier='archive' title='Hibernated 1 - Software Details - Plus/4 World' event='discovered_source' logger='daad_harvester.discover' level='info' timestamp='2026-08-19T10:55:12.921650Z'
url='http://c64.rulez.org/pub/plus4/Games/h/Hibernated_1.zip' event='skipping_duplicate_source' logger='daad_harvester.discover' level='info' timestamp='2026-08-19T10:55:12.921793Z'
url='http://plus4.othersi.de/plus4/Games/h/Hibernated_1.zip' tier='archive' title='Hibernated 1 - Software Details - Plus/4 World' event='discovered_source' logger='daad_harvester.discover' level='info' timestamp='2026-08-19T10:55:12.922653Z'
url='http://plus4.othersi.de/plus4/Games/h/Hibernated_1.zip' event='skipping_duplicate_source' logger='daad_harvester.discover' level='info' timestamp='2026-08-19T10:55:12.922759Z'
url='http://www.zimmers.net/anonftp/pub/cbm/plus4/Games/misc/h/Hibernated_1.d64.gz' tier='archive' title='Hibernated 1 - Software Details - Plus/4 World' event='discovered_source' logger='daad_harvester.discover' level='info' timestamp='2026-08-19T10:55:12.923679Z'
url='http://www.zimmers.net/anonftp/pub/cbm/plus4/Games/misc/h/Hibernated_1.d64.gz' event='skipping_duplicate_source' logger='daad_harvester.discover' level='info' timestamp='2026-08-19T10:55:12.923799Z'
url='https://8bitgames.itch.io/hibernated1/purchase' event='skipping_non_artifact_source' logger='daad_harvester.discover' level='info' timestamp='2026-08-19T10:55:12.923873Z'
url='https://8bitgames.itch.io/hibernated1/purchase' event='skipping_non_artifact_source' logger='daad_harvester.discover' level='info' timestamp='2026-08-19T10:55:12.923940Z'
url='https://plus4world.powweb.com/software/Hibernated_1' event='skipping_non_artifact_source' logger='daad_harvester.discover' level='info' timestamp='2026-08-19T10:55:12.923984Z'
url='https://8bitgames.itch.io/hibernated1' event='skipping_non_artifact_source' logger='daad_harvester.discover' level='info' timestamp='2026-08-19T10:55:12.924044Z'
url='https://csdb.dk/release/?id=170769' event='skipping_non_artifact_source' logger='daad_harvester.discover' level='info' timestamp='2026-08-19T10:55:12.924106Z'
url='https://www.cpc-power.com/index.php?page=detail&num=15220' event='skipping_non_artifact_source' logger='daad_harvester.discover' level='info' timestamp='2026-08-19T10:55:12.924165Z'
url='http://pondsoft.uk/hibernated.html' event='skipping_non_artifact_source' logger='daad_harvester.discover' level='info' timestamp='2026-08-19T10:55:12.924217Z'
url='https://plus4world.powweb.com/publications/Aktueller_Software_Markt_3-4_2023' event='skipping_non_artifact_source' logger='daad_harvester.discover' level='info' timestamp='2026-08-19T10:55:12.924277Z'
url='https://plus4world.powweb.com/solutions' event='skipping_non_artifact_source' logger='daad_harvester.discover' level='info' timestamp='2026-08-19T10:55:12.924337Z'
url='https://patreon.com/plus4world' event='skipping_non_artifact_source' logger='daad_harvester.discover' level='info' timestamp='2026-08-19T10:55:12.924393Z'
url='https://wiki.caad.es/DAAD_Builder_Kit' attempt=1 event='fetching_discovery_url' logger='daad_harvester.discover' level='info' timestamp='2026-08-19T10:55:12.959663Z'
HTTP Request: GET https://api.github.com/search/repositories?q=topic%3Aaventuras-ad&sort=updated "HTTP/1.1 200 OK"
HTTP Request: GET https://archive.org/metadata/Jabato_1989_Aventuras_AD_es_cr_ASS "HTTP/1.1 200 OK"
url='https://archive.org/download/Jabato_1989_Aventuras_AD_es_cr_ASS/00_coverscreenshot.png' event='skipping_non_artifact_source' logger='daad_harvester.discover' level='info' timestamp='2026-08-19T10:55:13.104686Z'
url='https://archive.org/download/Jabato_1989_Aventuras_AD_es_cr_ASS/00_coverscreenshot_thumb.jpg' event='skipping_non_artifact_source' logger='daad_harvester.discover' level='info' timestamp='2026-08-19T10:55:13.104813Z'
url='https://archive.org/download/Jabato_1989_Aventuras_AD_es_cr_ASS/Jabato_1989_Aventuras_AD_es_cr_ASS.d64' tier='archive' title='Jabato' event='discovered_source' logger='daad_harvester.discover' level='info' timestamp='2026-08-19T10:55:13.106055Z'
url='https://archive.org/download/Jabato_1989_Aventuras_AD_es_cr_ASS/Jabato_1989_Aventuras_AD_es_cr_ASS_archive.torrent' event='skipping_non_artifact_source' logger='daad_harvester.discover' level='info' timestamp='2026-08-19T10:55:13.106230Z'
url='https://archive.org/download/Jabato_1989_Aventuras_AD_es_cr_ASS/Jabato_1989_Aventuras_AD_es_cr_ASS_files.xml' event='skipping_non_artifact_source' logger='daad_harvester.discover' level='info' timestamp='2026-08-19T10:55:13.106305Z'
url='https://archive.org/download/Jabato_1989_Aventuras_AD_es_cr_ASS/Jabato_1989_Aventuras_AD_es_cr_ASS_meta.sqlite' event='skipping_non_artifact_source' logger='daad_harvester.discover' level='info' timestamp='2026-08-19T10:55:13.106366Z'
url='https://archive.org/download/Jabato_1989_Aventuras_AD_es_cr_ASS/Jabato_1989_Aventuras_AD_es_cr_ASS_meta.xml' event='skipping_non_artifact_source' logger='daad_harvester.discover' level='info' timestamp='2026-08-19T10:55:13.106456Z'
url='https://archive.org/download/Jabato_1989_Aventuras_AD_es_cr_ASS/Jabato_1989_Aventuras_AD_es_cr_ASS_screenshot.gif' event='skipping_non_artifact_source' logger='daad_harvester.discover' level='info' timestamp='2026-08-19T10:55:13.106529Z'
url='https://archive.org/download/Jabato_1989_Aventuras_AD_es_cr_ASS/__ia_thumb.jpg' event='skipping_non_artifact_source' logger='daad_harvester.discover' level='info' timestamp='2026-08-19T10:55:13.106586Z'
url='https://archive.org/download/Jabato_1989_Aventuras_AD_es_cr_ASS/screenshot_00.png' event='skipping_non_artifact_source' logger='daad_harvester.discover' level='info' timestamp='2026-08-19T10:55:13.106643Z'
url='https://archive.org/download/Jabato_1989_Aventuras_AD_es_cr_ASS/screenshot_00_thumb.jpg' event='skipping_non_artifact_source' logger='daad_harvester.discover' level='info' timestamp='2026-08-19T10:55:13.106699Z'
url='https://archive.org/download/Jabato_1989_Aventuras_AD_es_cr_ASS/screenshot_01.png' event='skipping_non_artifact_source' logger='daad_harvester.discover' level='info' timestamp='2026-08-19T10:55:13.106751Z'
url='https://archive.org/download/Jabato_1989_Aventuras_AD_es_cr_ASS/screenshot_01_thumb.jpg' event='skipping_non_artifact_source' logger='daad_harvester.discover' level='info' timestamp='2026-08-19T10:55:13.106805Z'
url='https://archive.org/download/Jabato_1989_Aventuras_AD_es_cr_ASS/screenshot_02.png' event='skipping_non_artifact_source' logger='daad_harvester.discover' level='info' timestamp='2026-08-19T10:55:13.106858Z'
url='https://archive.org/download/Jabato_1989_Aventuras_AD_es_cr_ASS/screenshot_02_thumb.jpg' event='skipping_non_artifact_source' logger='daad_harvester.discover' level='info' timestamp='2026-08-19T10:55:13.106909Z'
url='https://archive.org/download/Jabato_1989_Aventuras_AD_es_cr_ASS/screenshot_03.png' event='skipping_non_artifact_source' logger='daad_harvester.discover' level='info' timestamp='2026-08-19T10:55:13.106979Z'
url='https://archive.org/download/Jabato_1989_Aventuras_AD_es_cr_ASS/screenshot_03_thumb.jpg' event='skipping_non_artifact_source' logger='daad_harvester.discover' level='info' timestamp='2026-08-19T10:55:13.107034Z'
url='https://archive.org/download/Jabato_1989_Aventuras_AD_es_cr_ASS/screenshot_04.png' event='skipping_non_artifact_source' logger='daad_harvester.discover' level='info' timestamp='2026-08-19T10:55:13.107087Z'
url='https://archive.org/download/Jabato_1989_Aventuras_AD_es_cr_ASS/screenshot_04_thumb.jpg' event='skipping_non_artifact_source' logger='daad_harvester.discover' level='info' timestamp='2026-08-19T10:55:13.107133Z'
url='https://archive.org/download/Jabato_1989_Aventuras_AD_es_cr_ASS/screenshot_05.png' event='skipping_non_artifact_source' logger='daad_harvester.discover' level='info' timestamp='2026-08-19T10:55:13.107175Z'
url='https://archive.org/download/Jabato_1989_Aventuras_AD_es_cr_ASS/screenshot_05_thumb.jpg' event='skipping_non_artifact_source' logger='daad_harvester.discover' level='info' timestamp='2026-08-19T10:55:13.107217Z'
url='https://archive.org/download/Jabato_1989_Aventuras_AD_es_cr_ASS/screenshot_06.png' event='skipping_non_artifact_source' logger='daad_harvester.discover' level='info' timestamp='2026-08-19T10:55:13.107261Z'
url='https://archive.org/download/Jabato_1989_Aventuras_AD_es_cr_ASS/screenshot_06_thumb.jpg' event='skipping_non_artifact_source' logger='daad_harvester.discover' level='info' timestamp='2026-08-19T10:55:13.107303Z'
url='https://archive.org/metadata/Aventura_Original_La_1989_Aventuras_AD_es' attempt=1 event='fetching_discovery_url' logger='daad_harvester.discover' level='info' timestamp='2026-08-19T10:55:13.107374Z'
url='https://www.atarimania.com/game-atari-st-hibernated-i-this-place-is-death_33294.html' attempt=1 event='fetching_discovery_url' logger='daad_harvester.discover' level='info' timestamp='2026-08-19T10:55:13.269471Z'
HTTP Request: GET https://csdb.dk/release/?id=182937 "HTTP/1.1 200 OK"
HTTP Request: GET https://worldofspectrum.org/archive/software/text-adventures/cozumel-aventuras-ad-sa "HTTP/1.1 200 OK"
url='https://www.worldofspectrum.org//pub/sinclair/games/c/Cozumel.tzx.zip' tier='archive' title='Cozumel' event='discovered_source' logger='daad_harvester.discover' level='info' timestamp='2026-08-19T10:55:13.393668Z'
url='https://www.worldofspectrum.org//pub/sinclair/games/c/Cozumel.dsk.zip' tier='archive' title='Cozumel' event='discovered_source' logger='daad_harvester.discover' level='info' timestamp='2026-08-19T10:55:13.394654Z'
url='https://www.worldofspectrum.org//pub/sinclair/games/c/CozumelPart1.tap.zip' tier='archive' title='Cozumel' event='discovered_source' logger='daad_harvester.discover' level='info' timestamp='2026-08-19T10:55:13.395700Z'
url='https://www.worldofspectrum.org//pub/sinclair/games/c/CozumelPart2.tap.zip' tier='archive' title='Cozumel' event='discovered_source' logger='daad_harvester.discover' level='info' timestamp='2026-08-19T10:55:13.396653Z'
url='https://www.worldofspectrum.org//pub/sinclair/games/c/Cozumel(IBSA).tzx.zip' tier='archive' title='Cozumel' event='discovered_source' logger='daad_harvester.discover' level='info' timestamp='2026-08-19T10:55:13.397605Z'
url='https://worldofspectrum.org/archive/software/text-adventures/cristobal-colon-aventuras-ad-sa' attempt=1 event='fetching_discovery_url' logger='daad_harvester.discover' level='info' timestamp='2026-08-19T10:55:13.398391Z'
url='https://plus4world.powweb.com/software/ISS_Emergency' attempt=1 event='fetching_discovery_url' logger='daad_harvester.discover' level='info' timestamp='2026-08-19T10:55:13.456544Z'
HTTP Request: GET https://wiki.caad.es/DAAD_Builder_Kit "HTTP/1.1 200 OK"
url='https://wiki.caad.es/index.php?title=Especial:Entrar&returnto=DAAD+Builder+Kit' event='skipping_non_artifact_source' logger='daad_harvester.discover' level='info' timestamp='2026-08-19T10:55:13.723858Z'
url='https://wiki.caad.es/Especial:Pedir_cuenta_de_usuario' event='skipping_non_artifact_source' logger='daad_harvester.discover' level='info' timestamp='2026-08-19T10:55:13.724077Z'
url='https://wiki.caad.es/P%C3%A1gina_principal' event='skipping_non_artifact_source' logger='daad_harvester.discover' level='info' timestamp='2026-08-19T10:55:13.724164Z'
url='https://wiki.caad.es/DAAD_Builder_Kit' event='skipping_non_artifact_source' logger='daad_harvester.discover' level='info' timestamp='2026-08-19T10:55:13.724221Z'
url='https://wiki.caad.es/index.php?title=Discusi%C3%B3n:DAAD_Builder_Kit&action=edit&redlink=1' event='skipping_non_artifact_source' logger='daad_harvester.discover' level='info' timestamp='2026-08-19T10:55:13.724281Z'
url='https://wiki.caad.es/DAAD_Builder_Kit' event='skipping_non_artifact_source' logger='daad_harvester.discover' level='info' timestamp='2026-08-19T10:55:13.724328Z'
url='https://wiki.caad.es/index.php?title=DAAD_Builder_Kit&action=edit' event='skipping_non_artifact_source' logger='daad_harvester.discover' level='info' timestamp='2026-08-19T10:55:13.724394Z'
url='https://wiki.caad.es/index.php?title=DAAD_Builder_Kit&action=history' event='skipping_non_artifact_source' logger='daad_harvester.discover' level='info' timestamp='2026-08-19T10:55:13.724501Z'
url='https://wiki.caad.es/index.php?title=DAAD_Builder_Kit&action=purge' event='skipping_non_artifact_source' logger='daad_harvester.discover' level='info' timestamp='2026-08-19T10:55:13.724575Z'
url='https://wiki.caad.es/DAAD' event='skipping_non_artifact_source' logger='daad_harvester.discover' level='info' timestamp='2026-08-19T10:55:13.724641Z'
url='https://wiki.caad.es/index.php?title=Pedro_Aznar&action=edit&redlink=1' event='skipping_non_artifact_source' logger='daad_harvester.discover' level='info' timestamp='2026-08-19T10:55:13.724710Z'
url='https://wiki.caad.es/Amstrad_CPC' event='skipping_non_artifact_source' logger='daad_harvester.discover' level='info' timestamp='2026-08-19T10:55:13.724779Z'
url='https://wiki.caad.es/Trizbort' event='skipping_non_artifact_source' logger='daad_harvester.discover' level='info' timestamp='2026-08-19T10:55:13.724844Z'
url='https://github.com/pedro-aznar/DAAD-Builder-Kit' event='skipping_non_artifact_source' logger='daad_harvester.discover' level='info' timestamp='2026-08-19T10:55:13.724909Z'
url='https://wiki.caad.es/index.php?title=DAAD_Builder_Kit&oldid=13953' event='skipping_non_artifact_source' logger='daad_harvester.discover' level='info' timestamp='2026-08-19T10:55:13.725039Z'
url='https://wiki.caad.es/Especial:Categor%C3%ADas' event='skipping_non_artifact_source' logger='daad_harvester.discover' level='info' timestamp='2026-08-19T10:55:13.725149Z'
url='https://wiki.caad.es/index.php?title=Categor%C3%ADa:Utilidades&action=edit&redlink=1' event='skipping_non_artifact_source' logger='daad_harvester.discover' level='info' timestamp='2026-08-19T10:55:13.725228Z'
url='https://wiki.caad.es/P%C3%A1gina_principal' event='skipping_non_artifact_source' logger='daad_harvester.discover' level='info' timestamp='2026-08-19T10:55:13.725300Z'
url='https://wiki.caad.es/Formulario:Juegos' event='skipping_non_artifact_source' logger='daad_harvester.discover' level='info' timestamp='2026-08-19T10:55:13.725370Z'
url='https://wiki.caad.es/Formulario:Noticia' event='skipping_non_artifact_source' logger='daad_harvester.discover' level='info' timestamp='2026-08-19T10:55:13.725468Z'
url='https://wiki.caad.es/Categor%C3%ADa:Juegos' event='skipping_non_artifact_source' logger='daad_harvester.discover' level='info' timestamp='2026-08-19T10:55:13.725561Z'
url='https://wiki.caad.es/Categor%C3%ADa:Autores' event='skipping_non_artifact_source' logger='daad_harvester.discover' level='info' timestamp='2026-08-19T10:55:13.725640Z'
url='https://wiki.caad.es/Categor%C3%ADa:Herramientas_desarrollo' event='skipping_non_artifact_source' logger='daad_harvester.discover' level='info' timestamp='2026-08-19T10:55:13.725717Z'
url='https://wiki.caad.es/Categor%C3%ADa:N%C3%BAmeros_del_CAAD' event='skipping_non_artifact_source' logger='daad_harvester.discover' level='info' timestamp='2026-08-19T10:55:13.725815Z'
url='https://wiki.caad.es/Anuario_aventurero' event='skipping_non_artifact_source' logger='daad_harvester.discover' level='info' timestamp='2026-08-19T10:55:13.725885Z'
url='https://wiki.caad.es/index.php/Especial:Categor%C3%ADas' event='skipping_non_artifact_source' logger='daad_harvester.discover' level='info' timestamp='2026-08-19T10:55:13.725963Z'
url='https://wiki.caad.es/P%C3%A1gina_principal' event='skipping_non_artifact_source' logger='daad_harvester.discover' level='info' timestamp='2026-08-19T10:55:13.726047Z'
url='https://wiki.caad.es/Especial:CambiosRecientes' event='skipping_non_artifact_source' logger='daad_harvester.discover' level='info' timestamp='2026-08-19T10:55:13.726124Z'
url='https://wiki.caad.es/Especial:Aleatoria' event='skipping_non_artifact_source' logger='daad_harvester.discover' level='info' timestamp='2026-08-19T10:55:13.726193Z'
url='https://www.mediawiki.org/wiki/Special:MyLanguage/Help:Contents' event='skipping_non_artifact_source' logger='daad_harvester.discover' level='info' timestamp='2026-08-19T10:55:13.726262Z'
url='https://wiki.caad.es/index.php?title=Especial:Confirmar_cuentas' event='skipping_non_artifact_source' logger='daad_harvester.discover' level='info' timestamp='2026-08-19T10:55:13.726331Z'
url='https://wiki.caad.es/index.php/Especial:PermisosUsuarios' event='skipping_non_artifact_source' logger='daad_harvester.discover' level='info' timestamp='2026-08-19T10:55:13.726394Z'
url='https://wiki.caad.es/Especial:P%C3%A1ginasEspeciales' event='skipping_non_artifact_source' logger='daad_harvester.discover' level='info' timestamp='2026-08-19T10:55:13.726510Z'
url='https://wiki.caad.es/index.php?title=DAAD_Builder_Kit&action=pagevalues' event='skipping_non_artifact_source' logger='daad_harvester.discover' level='info' timestamp='2026-08-19T10:55:13.726580Z'
url='https://wiki.caad.es/index.php?title=Especial:Citar&page=DAAD_Builder_Kit&id=13953&wpFormIdentifier=titleform' event='skipping_non_artifact_source' logger='daad_harvester.discover' level='info' timestamp='2026-08-19T10:55:13.726635Z'
url='https://wiki.caad.es/Especial:LoQueEnlazaAqu%C3%AD/DAAD_Builder_Kit' event='skipping_non_artifact_source' logger='daad_harvester.discover' level='info' timestamp='2026-08-19T10:55:13.726696Z'
url='https://wiki.caad.es/Especial:CambiosEnEnlazadas/DAAD_Builder_Kit' event='skipping_non_artifact_source' logger='daad_harvester.discover' level='info' timestamp='2026-08-19T10:55:13.726749Z'
url='javascript:print();' event='skipping_non_artifact_source' logger='daad_harvester.discover' level='info' timestamp='2026-08-19T10:55:13.726790Z'
url='https://wiki.caad.es/index.php?title=DAAD_Builder_Kit&oldid=13953' event='skipping_non_artifact_source' logger='daad_harvester.discover' level='info' timestamp='2026-08-19T10:55:13.726837Z'
url='https://wiki.caad.es/index.php?title=DAAD_Builder_Kit&action=info' event='skipping_non_artifact_source' logger='daad_harvester.discover' level='info' timestamp='2026-08-19T10:55:13.726888Z'
url='https://wiki.caad.es/index.php?title=Especial:Registro&page=DAAD+Builder+Kit' event='skipping_non_artifact_source' logger='daad_harvester.discover' level='info' timestamp='2026-08-19T10:55:13.726939Z'
url='https://wiki.caad.es/index.php?title=Categor%C3%ADa:Utilidades&action=edit&redlink=1' event='skipping_non_artifact_source' logger='daad_harvester.discover' level='info' timestamp='2026-08-19T10:55:13.727003Z'
url='https://creativecommons.org/licenses/by-nc-sa/4.0/' event='skipping_non_artifact_source' logger='daad_harvester.discover' level='info' timestamp='2026-08-19T10:55:13.727076Z'
url='https://www.mediawiki.org/' event='skipping_non_artifact_source' logger='daad_harvester.discover' level='info' timestamp='2026-08-19T10:55:13.727134Z'
url='https://creativecommons.org/licenses/by-nc-sa/4.0/' event='skipping_non_artifact_source' logger='daad_harvester.discover' level='info' timestamp='2026-08-19T10:55:13.727178Z'
url='https://wiki.caad.es/wikiCAAD:Pol%C3%ADtica_de_privacidad' event='skipping_non_artifact_source' logger='daad_harvester.discover' level='info' timestamp='2026-08-19T10:55:13.727249Z'
url='https://wiki.caad.es/wikiCAAD:Acerca_de' event='skipping_non_artifact_source' logger='daad_harvester.discover' level='info' timestamp='2026-08-19T10:55:13.727304Z'
url='https://wiki.caad.es/wikiCAAD:Descargo_general' event='skipping_non_artifact_source' logger='daad_harvester.discover' level='info' timestamp='2026-08-19T10:55:13.727359Z'
HTTP Request: GET https://archive.org/metadata/Aventura_Original_La_1989_Aventuras_AD_es "HTTP/1.1 200 OK"
url='https://archive.org/download/Aventura_Original_La_1989_Aventuras_AD_es/00_coverscreenshot.jpg' event='skipping_non_artifact_source' logger='daad_harvester.discover' level='info' timestamp='2026-08-19T10:55:13.732557Z'
url='https://archive.org/download/Aventura_Original_La_1989_Aventuras_AD_es/00_coverscreenshot_thumb.jpg' event='skipping_non_artifact_source' logger='daad_harvester.discover' level='info' timestamp='2026-08-19T10:55:13.732689Z'
url='https://archive.org/download/Aventura_Original_La_1989_Aventuras_AD_es/Aventura_Original_La_1989_Aventuras_AD_es.d64' tier='archive' title='La Aventura Original' event='discovered_source' logger='daad_harvester.discover' level='info' timestamp='2026-08-19T10:55:13.735331Z'
url='https://archive.org/download/Aventura_Original_La_1989_Aventuras_AD_es/Aventura_Original_La_1989_Aventuras_AD_es_archive.torrent' event='skipping_non_artifact_source' logger='daad_harvester.discover' level='info' timestamp='2026-08-19T10:55:13.735525Z'
url='https://archive.org/download/Aventura_Original_La_1989_Aventuras_AD_es/Aventura_Original_La_1989_Aventuras_AD_es_files.xml' event='skipping_non_artifact_source' logger='daad_harvester.discover' level='info' timestamp='2026-08-19T10:55:13.735620Z'
url='https://archive.org/download/Aventura_Original_La_1989_Aventuras_AD_es/Aventura_Original_La_1989_Aventuras_AD_es_meta.sqlite' event='skipping_non_artifact_source' logger='daad_harvester.discover' level='info' timestamp='2026-08-19T10:55:13.735686Z'
url='https://archive.org/download/Aventura_Original_La_1989_Aventuras_AD_es/Aventura_Original_La_1989_Aventuras_AD_es_meta.xml' event='skipping_non_artifact_source' logger='daad_harvester.discover' level='info' timestamp='2026-08-19T10:55:13.735745Z'
url='https://archive.org/download/Aventura_Original_La_1989_Aventuras_AD_es/Aventura_Original_La_1989_Aventuras_AD_es_screenshot.gif' event='skipping_non_artifact_source' logger='daad_harvester.discover' level='info' timestamp='2026-08-19T10:55:13.735806Z'
url='https://archive.org/download/Aventura_Original_La_1989_Aventuras_AD_es/__ia_thumb.jpg' event='skipping_non_artifact_source' logger='daad_harvester.discover' level='info' timestamp='2026-08-19T10:55:13.735864Z'
url='https://archive.org/download/Aventura_Original_La_1989_Aventuras_AD_es/screenshot_00.jpg' event='skipping_non_artifact_source' logger='daad_harvester.discover' level='info' timestamp='2026-08-19T10:55:13.735920Z'
url='https://archive.org/download/Aventura_Original_La_1989_Aventuras_AD_es/screenshot_00_thumb.jpg' event='skipping_non_artifact_source' logger='daad_harvester.discover' level='info' timestamp='2026-08-19T10:55:13.735985Z'
url='https://archive.org/download/Aventura_Original_La_1989_Aventuras_AD_es/screenshot_01.jpg' event='skipping_non_artifact_source' logger='daad_harvester.discover' level='info' timestamp='2026-08-19T10:55:13.736045Z'
url='https://archive.org/download/Aventura_Original_La_1989_Aventuras_AD_es/screenshot_01_thumb.jpg' event='skipping_non_artifact_source' logger='daad_harvester.discover' level='info' timestamp='2026-08-19T10:55:13.736099Z'
url='https://archive.org/download/Aventura_Original_La_1989_Aventuras_AD_es/screenshot_02.jpg' event='skipping_non_artifact_source' logger='daad_harvester.discover' level='info' timestamp='2026-08-19T10:55:13.736156Z'
url='https://archive.org/download/Aventura_Original_La_1989_Aventuras_AD_es/screenshot_02_thumb.jpg' event='skipping_non_artifact_source' logger='daad_harvester.discover' level='info' timestamp='2026-08-19T10:55:13.736209Z'
url='https://archive.org/download/Aventura_Original_La_1989_Aventuras_AD_es/screenshot_03.jpg' event='skipping_non_artifact_source' logger='daad_harvester.discover' level='info' timestamp='2026-08-19T10:55:13.736269Z'
url='https://archive.org/download/Aventura_Original_La_1989_Aventuras_AD_es/screenshot_03_thumb.jpg' event='skipping_non_artifact_source' logger='daad_harvester.discover' level='info' timestamp='2026-08-19T10:55:13.736324Z'
url='https://archive.org/download/Aventura_Original_La_1989_Aventuras_AD_es/screenshot_04.jpg' event='skipping_non_artifact_source' logger='daad_harvester.discover' level='info' timestamp='2026-08-19T10:55:13.736374Z'
url='https://archive.org/download/Aventura_Original_La_1989_Aventuras_AD_es/screenshot_04_thumb.jpg' event='skipping_non_artifact_source' logger='daad_harvester.discover' level='info' timestamp='2026-08-19T10:55:13.736534Z'
url='https://archive.org/download/Aventura_Original_La_1989_Aventuras_AD_es/screenshot_05.jpg' event='skipping_non_artifact_source' logger='daad_harvester.discover' level='info' timestamp='2026-08-19T10:55:13.736779Z'
url='https://archive.org/download/Aventura_Original_La_1989_Aventuras_AD_es/screenshot_05_thumb.jpg' event='skipping_non_artifact_source' logger='daad_harvester.discover' level='info' timestamp='2026-08-19T10:55:13.736845Z'
url='https://archive.org/download/Aventura_Original_La_1989_Aventuras_AD_es/screenshot_06.jpg' event='skipping_non_artifact_source' logger='daad_harvester.discover' level='info' timestamp='2026-08-19T10:55:13.736897Z'
url='https://archive.org/download/Aventura_Original_La_1989_Aventuras_AD_es/screenshot_06_thumb.jpg' event='skipping_non_artifact_source' logger='daad_harvester.discover' level='info' timestamp='2026-08-19T10:55:13.736944Z'
url='https://archive.org/download/Aventura_Original_La_1989_Aventuras_AD_es/screenshot_07.jpg' event='skipping_non_artifact_source' logger='daad_harvester.discover' level='info' timestamp='2026-08-19T10:55:13.737036Z'
url='https://archive.org/download/Aventura_Original_La_1989_Aventuras_AD_es/screenshot_07_thumb.jpg' event='skipping_non_artifact_source' logger='daad_harvester.discover' level='info' timestamp='2026-08-19T10:55:13.737090Z'
HTTP Request: GET https://generation-msx.nl/company/aventuras-ad/292/software/ "HTTP/1.1 301 Moved Permanently"
HTTP Request: GET https://html.duckduckgo.com/html/?q=DAAD%20Ready%20games%20zip%20download "HTTP/1.1 200 OK"
HTTP Request: GET https://plus4world.powweb.com/software/ISS_Emergency "HTTP/1.1 200 OK"
url='https://plus4world.powweb.com/home' event='skipping_non_artifact_source' logger='daad_harvester.discover' level='info' timestamp='2026-08-19T10:55:13.802099Z'
url='https://plus4world.powweb.com/search' event='skipping_non_artifact_source' logger='daad_harvester.discover' level='info' timestamp='2026-08-19T10:55:13.802257Z'
url='https://plus4world.powweb.com/games' event='skipping_non_artifact_source' logger='daad_harvester.discover' level='info' timestamp='2026-08-19T10:55:13.802326Z'
url='https://plus4world.powweb.com/tapes' event='skipping_non_artifact_source' logger='daad_harvester.discover' level='info' timestamp='2026-08-19T10:55:13.802384Z'
url='https://plus4world.powweb.com/covers' event='skipping_non_artifact_source' logger='daad_harvester.discover' level='info' timestamp='2026-08-19T10:55:13.802472Z'
url='https://plus4world.powweb.com/cheats' event='skipping_non_artifact_source' logger='daad_harvester.discover' level='info' timestamp='2026-08-19T10:55:13.802536Z'
url='https://plus4world.powweb.com/maps' event='skipping_non_artifact_source' logger='daad_harvester.discover' level='info' timestamp='2026-08-19T10:55:13.802591Z'
url='https://plus4world.powweb.com/sl/100' event='skipping_non_artifact_source' logger='daad_harvester.discover' level='info' timestamp='2026-08-19T10:55:13.802652Z'
url='https://plus4world.powweb.com/newstuff' event='skipping_non_artifact_source' logger='daad_harvester.discover' level='info' timestamp='2026-08-19T10:55:13.802707Z'
url='https://plus4world.powweb.com/halloffame' event='skipping_non_artifact_source' logger='daad_harvester.discover' level='info' timestamp='2026-08-19T10:55:13.802772Z'
url='https://plus4world.powweb.com/hvtc' event='skipping_non_artifact_source' logger='daad_harvester.discover' level='info' timestamp='2026-08-19T10:55:13.802826Z'
url='https://plus4world.powweb.com/gameendings' event='skipping_non_artifact_source' logger='daad_harvester.discover' level='info' timestamp='2026-08-19T10:55:13.802880Z'
url='https://plus4world.powweb.com/solutions' event='skipping_non_artifact_source' logger='daad_harvester.discover' level='info' timestamp='2026-08-19T10:55:13.802934Z'
url='https://plus4world.powweb.com/remakes' event='skipping_non_artifact_source' logger='daad_harvester.discover' level='info' timestamp='2026-08-19T10:55:13.802989Z'
url='https://plus4world.powweb.com/publications' event='skipping_non_artifact_source' logger='daad_harvester.discover' level='info' timestamp='2026-08-19T10:55:13.803052Z'
url='https://plus4world.powweb.com/mags' event='skipping_non_artifact_source' logger='daad_harvester.discover' level='info' timestamp='2026-08-19T10:55:13.803107Z'
url='https://plus4world.powweb.com/effects' event='skipping_non_artifact_source' logger='daad_harvester.discover' level='info' timestamp='2026-08-19T10:55:13.803159Z'
url='https://plus4world.powweb.com/toplist' event='skipping_non_artifact_source' logger='daad_harvester.discover' level='info' timestamp='2026-08-19T10:55:13.803212Z'
url='https://plus4world.powweb.com/members' event='skipping_non_artifact_source' logger='daad_harvester.discover' level='info' timestamp='2026-08-19T10:55:13.803264Z'
url='https://plus4world.powweb.com/groups' event='skipping_non_artifact_source' logger='daad_harvester.discover' level='info' timestamp='2026-08-19T10:55:13.803317Z'
url='https://plus4world.powweb.com/features' event='skipping_non_artifact_source' logger='daad_harvester.discover' level='info' timestamp='2026-08-19T10:55:13.803369Z'
url='https://plus4world.powweb.com/features/upload' event='skipping_non_artifact_source' logger='daad_harvester.discover' level='info' timestamp='2026-08-19T10:55:13.803420Z'
url='https://plus4world.powweb.com/plus4encyclopedia' event='skipping_non_artifact_source' logger='daad_harvester.discover' level='info' timestamp='2026-08-19T10:55:13.803508Z'
url='https://plus4world.powweb.com/hardware' event='skipping_non_artifact_source' logger='daad_harvester.discover' level='info' timestamp='2026-08-19T10:55:13.803563Z'
url='https://plus4world.powweb.com/tools' event='skipping_non_artifact_source' logger='daad_harvester.discover' level='info' timestamp='2026-08-19T10:55:13.803618Z'
url='https://plus4world.powweb.com/options' event='skipping_non_artifact_source' logger='daad_harvester.discover' level='info' timestamp='2026-08-19T10:55:13.803675Z'
url='https://plus4world.powweb.com/forum#pagetop' event='skipping_non_artifact_source' logger='daad_harvester.discover' level='info' timestamp='2026-08-19T10:55:13.803732Z'
url='https://plus4world.powweb.com/home' event='skipping_non_artifact_source' logger='daad_harvester.discover' level='info' timestamp='2026-08-19T10:55:13.803781Z'
url='https://plus4world.powweb.com/search' event='skipping_non_artifact_source' logger='daad_harvester.discover' level='info' timestamp='2026-08-19T10:55:13.803825Z'
url='https://plus4world.powweb.com/games' event='skipping_non_artifact_source' logger='daad_harvester.discover' level='info' timestamp='2026-08-19T10:55:13.803869Z'
url='https://plus4world.powweb.com/tapes' event='skipping_non_artifact_source' logger='daad_harvester.discover' level='info' timestamp='2026-08-19T10:55:13.803912Z'
url='https://plus4world.powweb.com/covers' event='skipping_non_artifact_source' logger='daad_harvester.discover' level='info' timestamp='2026-08-19T10:55:13.803955Z'
url='https://plus4world.powweb.com/cheats' event='skipping_non_artifact_source' logger='daad_harvester.discover' level='info' timestamp='2026-08-19T10:55:13.804004Z'
url='https://plus4world.powweb.com/maps' event='skipping_non_artifact_source' logger='daad_harvester.discover' level='info' timestamp='2026-08-19T10:55:13.804051Z'
url='https://plus4world.powweb.com/sl/100' event='skipping_non_artifact_source' logger='daad_harvester.discover' level='info' timestamp='2026-08-19T10:55:13.804102Z'
url='https://plus4world.powweb.com/newstuff' event='skipping_non_artifact_source' logger='daad_harvester.discover' level='info' timestamp='2026-08-19T10:55:13.804147Z'
url='https://plus4world.powweb.com/halloffame' event='skipping_non_artifact_source' logger='daad_harvester.discover' level='info' timestamp='2026-08-19T10:55:13.804192Z'
url='https://plus4world.powweb.com/hvtc' event='skipping_non_artifact_source' logger='daad_harvester.discover' level='info' timestamp='2026-08-19T10:55:13.804237Z'
url='https://plus4world.powweb.com/gameendings' event='skipping_non_artifact_source' logger='daad_harvester.discover' level='info' timestamp='2026-08-19T10:55:13.804281Z'
url='https://plus4world.powweb.com/solutions' event='skipping_non_artifact_source' logger='daad_harvester.discover' level='info' timestamp='2026-08-19T10:55:13.804325Z'
url='https://plus4world.powweb.com/remakes' event='skipping_non_artifact_source' logger='daad_harvester.discover' level='info' timestamp='2026-08-19T10:55:13.804368Z'
url='https://plus4world.powweb.com/publications' event='skipping_non_artifact_source' logger='daad_harvester.discover' level='info' timestamp='2026-08-19T10:55:13.804412Z'
url='https://plus4world.powweb.com/mags' event='skipping_non_artifact_source' logger='daad_harvester.discover' level='info' timestamp='2026-08-19T10:55:13.804485Z'
url='https://plus4world.powweb.com/effects' event='skipping_non_artifact_source' logger='daad_harvester.discover' level='info' timestamp='2026-08-19T10:55:13.804535Z'
url='https://plus4world.powweb.com/toplist' event='skipping_non_artifact_source' logger='daad_harvester.discover' level='info' timestamp='2026-08-19T10:55:13.804581Z'
url='https://plus4world.powweb.com/members' event='skipping_non_artifact_source' logger='daad_harvester.discover' level='info' timestamp='2026-08-19T10:55:13.804625Z'
url='https://plus4world.powweb.com/groups' event='skipping_non_artifact_source' logger='daad_harvester.discover' level='info' timestamp='2026-08-19T10:55:13.804670Z'
url='https://plus4world.powweb.com/features' event='skipping_non_artifact_source' logger='daad_harvester.discover' level='info' timestamp='2026-08-19T10:55:13.804715Z'
url='https://plus4world.powweb.com/features/upload' event='skipping_non_artifact_source' logger='daad_harvester.discover' level='info' timestamp='2026-08-19T10:55:13.804758Z'
url='https://plus4world.powweb.com/plus4encyclopedia' event='skipping_non_artifact_source' logger='daad_harvester.discover' level='info' timestamp='2026-08-19T10:55:13.804801Z'
url='https://plus4world.powweb.com/hardware' event='skipping_non_artifact_source' logger='daad_harvester.discover' level='info' timestamp='2026-08-19T10:55:13.804844Z'
url='https://plus4world.powweb.com/tools' event='skipping_non_artifact_source' logger='daad_harvester.discover' level='info' timestamp='2026-08-19T10:55:13.804890Z'
url='https://plus4world.powweb.com/options' event='skipping_non_artifact_source' logger='daad_harvester.discover' level='info' timestamp='2026-08-19T10:55:13.804933Z'
url='https://plus4world.powweb.com/forum#pagetop' event='skipping_non_artifact_source' logger='daad_harvester.discover' level='info' timestamp='2026-08-19T10:55:13.805016Z'
url='https://plus4world.powweb.com/login.php' event='skipping_non_artifact_source' logger='daad_harvester.discover' level='info' timestamp='2026-08-19T10:55:13.805083Z'
url='https://plus4world.powweb.com/sl/102' event='skipping_non_artifact_source' logger='daad_harvester.discover' level='info' timestamp='2026-08-19T10:55:13.805140Z'
url='https://plus4world.powweb.com/sl/2019' event='skipping_non_artifact_source' logger='daad_harvester.discover' level='info' timestamp='2026-08-19T10:55:13.805194Z'
url='https://plus4world.powweb.com/play/iss_emergency' event='skipping_non_artifact_source' logger='daad_harvester.discover' level='info' timestamp='2026-08-19T10:55:13.805248Z'
url='https://plus4world.powweb.com/groups/Absence' event='skipping_non_artifact_source' logger='daad_harvester.discover' level='info' timestamp='2026-08-19T10:55:13.805307Z'
url='https://plus4world.powweb.com/members/siz' event='skipping_non_artifact_source' logger='daad_harvester.discover' level='info' timestamp='2026-08-19T10:55:13.805361Z'
url='https://plus4world.powweb.com/members/Chronos' event='skipping_non_artifact_source' logger='daad_harvester.discover' level='info' timestamp='2026-08-19T10:55:13.805415Z'
url='https://plus4world.powweb.com/dl/games/i/iss_emergency.prg' tier='archive' title='ISS Emergency - Software Details - Plus/4 World' event='discovered_source' logger='daad_harvester.discover' level='info' timestamp='2026-08-19T10:55:13.806461Z'
url='https://plus4world.powweb.com/dl/games/i/iss_emergency.prg' event='skipping_duplicate_source' logger='daad_harvester.discover' level='info' timestamp='2026-08-19T10:55:13.806590Z'
url='http://c64.rulez.org/pub/plus4/Games/i/ISS_Emergency.prg' tier='archive' title='ISS Emergency - Software Details - Plus/4 World' event='discovered_source' logger='daad_harvester.discover' level='info' timestamp='2026-08-19T10:55:13.807390Z'
url='http://c64.rulez.org/pub/plus4/Games/i/ISS_Emergency.prg' event='skipping_duplicate_source' logger='daad_harvester.discover' level='info' timestamp='2026-08-19T10:55:13.807526Z'
url='http://plus4.othersi.de/plus4/Games/i/ISS_Emergency.prg' tier='archive' title='ISS Emergency - Software Details - Plus/4 World' event='discovered_source' logger='daad_harvester.discover' level='info' timestamp='2026-08-19T10:55:13.808581Z'
url='http://plus4.othersi.de/plus4/Games/i/ISS_Emergency.prg' event='skipping_duplicate_source' logger='daad_harvester.discover' level='info' timestamp='2026-08-19T10:55:13.808703Z'
url='http://www.zimmers.net/anonftp/pub/cbm/plus4/Games/misc/i/ISS_Emergency.prg' tier='archive' title='ISS Emergency - Software Details - Plus/4 World' event='discovered_source' logger='daad_harvester.discover' level='info' timestamp='2026-08-19T10:55:13.809624Z'
url='http://www.zimmers.net/anonftp/pub/cbm/plus4/Games/misc/i/ISS_Emergency.prg' event='skipping_duplicate_source' logger='daad_harvester.discover' level='info' timestamp='2026-08-19T10:55:13.809729Z'
url='https://plus4world.powweb.com/software/ISS_Emergency' event='skipping_non_artifact_source' logger='daad_harvester.discover' level='info' timestamp='2026-08-19T10:55:13.809793Z'
url='http://www.gb64.com/game.php?id=27658' event='skipping_non_artifact_source' logger='daad_harvester.discover' level='info' timestamp='2026-08-19T10:55:13.809874Z'
url='https://www.cpc-power.com/index.php?page=detail&num=16014' event='skipping_non_artifact_source' logger='daad_harvester.discover' level='info' timestamp='2026-08-19T10:55:13.809955Z'
url='http://8bitag.com/games/iss-emergency.html' event='skipping_non_artifact_source' logger='daad_harvester.discover' level='info' timestamp='2026-08-19T10:55:13.810024Z'
url='https://plus4world.powweb.com/software/Club_Info_156' event='skipping_non_artifact_source' logger='daad_harvester.discover' level='info' timestamp='2026-08-19T10:55:13.810088Z'
url='https://plus4world.powweb.com/effects' event='skipping_non_artifact_source' logger='daad_harvester.discover' level='info' timestamp='2026-08-19T10:55:13.810139Z'
url='https://plus4world.powweb.com/effects/SID_Support' event='skipping_non_artifact_source' logger='daad_harvester.discover' level='info' timestamp='2026-08-19T10:55:13.810194Z'
url='https://plus4world.powweb.com/solutions' event='skipping_non_artifact_source' logger='daad_harvester.discover' level='info' timestamp='2026-08-19T10:55:13.810242Z'
url='https://patreon.com/plus4world' event='skipping_non_artifact_source' logger='daad_harvester.discover' level='info' timestamp='2026-08-19T10:55:13.810297Z'
HTTP Request: GET https://www.atarimania.com/game-atari-st-hibernated-i-this-place-is-death_33294.html "HTTP/1.1 200 OK"
url='https://www.ngpaws.com/daadready/' event='skipping_non_artifact_source' logger='daad_harvester.discover' level='info' timestamp='2026-08-19T10:55:13.948505Z'
url='https://www.ngpaws.com/daadready/' event='skipping_non_artifact_source' logger='daad_harvester.discover' level='info' timestamp='2026-08-19T10:55:13.948798Z'
url='https://uto.speccy.org/' event='skipping_non_artifact_source' logger='daad_harvester.discover' level='info' timestamp='2026-08-19T10:55:13.948947Z'
url='https://uto.speccy.org/' event='skipping_non_artifact_source' logger='daad_harvester.discover' level='info' timestamp='2026-08-19T10:55:13.949102Z'
url='https://github.com/Utodev/DAAD-Ready' event='skipping_non_artifact_source' logger='daad_harvester.discover' level='info' timestamp='2026-08-19T10:55:13.949209Z'
url='https://github.com/Utodev/DAAD-Ready' event='skipping_non_artifact_source' logger='daad_harvester.discover' level='info' timestamp='2026-08-19T10:55:13.949298Z'
url='https://www.ngpaws.com/daadready/doc_en.html' event='skipping_non_artifact_source' logger='daad_harvester.discover' level='info' timestamp='2026-08-19T10:55:13.949388Z'
url='https://www.ngpaws.com/daadready/doc_en.html' event='skipping_non_artifact_source' logger='daad_harvester.discover' level='info' timestamp='2026-08-19T10:55:13.949494Z'
url='https://github.com/Utodev/DAAD-Ready/blob/master/README.md' event='skipping_non_artifact_source' logger='daad_harvester.discover' level='info' timestamp='2026-08-19T10:55:13.949596Z'
url='https://github.com/Utodev/DAAD-Ready/blob/master/README.md' event='skipping_non_artifact_source' logger='daad_harvester.discover' level='info' timestamp='2026-08-19T10:55:13.949677Z'
url='https://t.me/daadready' event='skipping_non_artifact_source' logger='daad_harvester.discover' level='info' timestamp='2026-08-19T10:55:13.949762Z'
url='https://t.me/daadready' event='skipping_non_artifact_source' logger='daad_harvester.discover' level='info' timestamp='2026-08-19T10:55:13.949840Z'
url='https://itch.io/games/free/tag-daad-ready' event='skipping_non_artifact_source' logger='daad_harvester.discover' level='info' timestamp='2026-08-19T10:55:13.949951Z'
url='https://itch.io/games/free/tag-daad-ready' event='skipping_non_artifact_source' logger='daad_harvester.discover' level='info' timestamp='2026-08-19T10:55:13.950064Z'
url='https://www.genesis8bit.fr/archives/index.php?news_id=2722' event='skipping_non_artifact_source' logger='daad_harvester.discover' level='info' timestamp='2026-08-19T10:55:13.950190Z'
url='https://www.genesis8bit.fr/archives/index.php?news_id=2722' event='skipping_non_artifact_source' logger='daad_harvester.discover' level='info' timestamp='2026-08-19T10:55:13.950274Z'
url='https://www.lemon64.com/forum/viewtopic.php?t=88846' event='skipping_non_artifact_source' logger='daad_harvester.discover' level='info' timestamp='2026-08-19T10:55:13.950384Z'
url='https://www.lemon64.com/forum/viewtopic.php?t=88846' event='skipping_non_artifact_source' logger='daad_harvester.discover' level='info' timestamp='2026-08-19T10:55:13.950499Z'
url='https://itch.io/games/tag-daad' event='skipping_non_artifact_source' logger='daad_harvester.discover' level='info' timestamp='2026-08-19T10:55:13.950615Z'
url='https://itch.io/games/tag-daad' event='skipping_non_artifact_source' logger='daad_harvester.discover' level='info' timestamp='2026-08-19T10:55:13.950703Z'
url='https://wiki.caad.es/DAAD_Adventure_Writer' attempt=1 event='fetching_discovery_url' logger='daad_harvester.discover' level='info' timestamp='2026-08-19T10:55:14.003967Z'
url='https://archive.org/metadata/Ci-U-Than_Trilogy_I_La_Diosa_de_Cozumel_1990_Aventuras_AD_es' attempt=1 event='fetching_discovery_url' logger='daad_harvester.discover' level='info' timestamp='2026-08-19T10:55:14.108509Z'
HTTP Request: GET https://worldofspectrum.org/archive/software/text-adventures/cristobal-colon-aventuras-ad-sa "HTTP/1.1 200 OK"
url='https://worldofspectrum.org/archive/software/text-adventures/el-castillo-vacilon-aventuras-ad-sa' attempt=1 event='fetching_discovery_url' logger='daad_harvester.discover' level='info' timestamp='2026-08-19T10:55:14.399243Z'
HTTP Request: GET https://dareint.itch.io/erinia-spanish "HTTP/1.1 200 OK"
url='https://plus4world.powweb.com/software/The_Dragnet_Case' attempt=1 event='fetching_discovery_url' logger='daad_harvester.discover' level='info' timestamp='2026-08-19T10:55:14.456168Z'
HTTP Request: GET https://generation-msx.nl/company/aventuras-ad/292/software "HTTP/1.1 200 OK"
HTTP Request: GET https://wiki.caad.es/DAAD_Adventure_Writer "HTTP/1.1 200 OK"
url='https://dareint.itch.io' event='skipping_non_artifact_source' logger='daad_harvester.discover' level='info' timestamp='2026-08-19T10:55:14.632006Z'
url='https://itch.io/login?intent=follow_user&return_to=https%3A%2F%2Fdareint.itch.io%2Ferinia-spanish' event='skipping_non_artifact_source' logger='daad_harvester.discover' level='info' timestamp='2026-08-19T10:55:14.632189Z'
url='https://itch.io/login?intent=add_to_collection&return_to=https%3A%2F%2Fdareint.itch.io%2Ferinia-spanish' event='skipping_non_artifact_source' logger='daad_harvester.discover' level='info' timestamp='2026-08-19T10:55:14.632262Z'
url='https://dareint.itch.io/erinia-spanish#comments' event='skipping_non_artifact_source' logger='daad_harvester.discover' level='info' timestamp='2026-08-19T10:55:14.632322Z'
url='https://dareint.itch.io/erinia-spanish/devlog' event='skipping_non_artifact_source' logger='daad_harvester.discover' level='info' timestamp='2026-08-19T10:55:14.632381Z'
url='https://itch.io/games-like/2882834/erinia-spanish' event='skipping_non_artifact_source' logger='daad_harvester.discover' level='info' timestamp='2026-08-19T10:55:14.632477Z'
url='https://itch.io/s/194344/summer-sale-2026' event='skipping_non_artifact_source' logger='daad_harvester.discover' level='info' timestamp='2026-08-19T10:55:14.632549Z'
url='https://itch.io/s/194344/summer-sale-2026' event='skipping_non_artifact_source' logger='daad_harvester.discover' level='info' timestamp='2026-08-19T10:55:14.632601Z'
url='https://dareint.itch.io/erinia-spanish/purchase' event='skipping_non_artifact_source' logger='daad_harvester.discover' level='info' timestamp='2026-08-19T10:55:14.632655Z'
url='https://itch.io/s/194344/summer-sale-2026' event='skipping_non_artifact_source' logger='daad_harvester.discover' level='info' timestamp='2026-08-19T10:55:14.632703Z'
url='https://dareint.itch.io/antarctica' event='skipping_non_artifact_source' logger='daad_harvester.discover' level='info' timestamp='2026-08-19T10:55:14.632759Z'
url='https://dareint.itch.io/erinia-2025-english' event='skipping_non_artifact_source' logger='daad_harvester.discover' level='info' timestamp='2026-08-19T10:55:14.632815Z'
url='javascript:void(0)' event='skipping_non_artifact_source' logger='daad_harvester.discover' level='info' timestamp='2026-08-19T10:55:14.632862Z'
url='https://itch.io/games/released' event='skipping_non_artifact_source' logger='daad_harvester.discover' level='info' timestamp='2026-08-19T10:55:14.632917Z'
url='https://dareint.itch.io' event='skipping_non_artifact_source' logger='daad_harvester.discover' level='info' timestamp='2026-08-19T10:55:14.632965Z'
url='https://itch.io/games/tag-interactive-fiction' event='skipping_non_artifact_source' logger='daad_harvester.discover' level='info' timestamp='2026-08-19T10:55:14.633065Z'
url='https://itch.io/games/genre-adventure' event='skipping_non_artifact_source' logger='daad_harvester.discover' level='info' timestamp='2026-08-19T10:55:14.633121Z'
url='https://itch.io/games/tag-commodore-64' event='skipping_non_artifact_source' logger='daad_harvester.discover' level='info' timestamp='2026-08-19T10:55:14.633174Z'
url='https://itch.io/games/tag-daad' event='skipping_non_artifact_source' logger='daad_harvester.discover' level='info' timestamp='2026-08-19T10:55:14.633225Z'
url='https://itch.io/games/tag-retro' event='skipping_non_artifact_source' logger='daad_harvester.discover' level='info' timestamp='2026-08-19T10:55:14.633279Z'
url='https://itch.io/games/tag-text-based' event='skipping_non_artifact_source' logger='daad_harvester.discover' level='info' timestamp='2026-08-19T10:55:14.633332Z'
url='https://itch.io/games/tag-zx-spectrum' event='skipping_non_artifact_source' logger='daad_harvester.discover' level='info' timestamp='2026-08-19T10:55:14.633385Z'
url='https://itch.io/s/194344/summer-sale-2026' event='skipping_non_artifact_source' logger='daad_harvester.discover' level='info' timestamp='2026-08-19T10:55:14.633461Z'
url='https://itch.io/s/194344/summer-sale-2026' event='skipping_non_artifact_source' logger='daad_harvester.discover' level='info' timestamp='2026-08-19T10:55:14.633511Z'
url='https://dareint.itch.io/erinia-spanish/purchase' event='skipping_non_artifact_source' logger='daad_harvester.discover' level='info' timestamp='2026-08-19T10:55:14.633565Z'
url='https://itch.io/s/194344/summer-sale-2026' event='skipping_non_artifact_source' logger='daad_harvester.discover' level='info' timestamp='2026-08-19T10:55:14.633625Z'
url='https://dareint.itch.io/erinia-spanish/devlog/876866/coming-soon-in-english' event='skipping_non_artifact_source' logger='daad_harvester.discover' level='info' timestamp='2026-08-19T10:55:14.633693Z'
url='https://dareint.itch.io/erinia-spanish/devlog/870734/coming-soon-in-english' event='skipping_non_artifact_source' logger='daad_harvester.discover' level='info' timestamp='2026-08-19T10:55:14.633764Z'
url='https://dareint.itch.io/erinia-spanish/devlog/866703/ya-disponible-nueva-versin-para-commodore-64' event='skipping_non_artifact_source' logger='daad_harvester.discover' level='info' timestamp='2026-08-19T10:55:14.633831Z'
url='https://dareint.itch.io/erinia-spanish/devlog/779208/prximamente-versiones-en-cinta-y-esxdos' event='skipping_non_artifact_source' logger='daad_harvester.discover' level='info' timestamp='2026-08-19T10:55:14.633905Z'
url='https://itch.io/login?return_to=https%3A%2F%2Fdareint.itch.io%2Ferinia-spanish' event='skipping_non_artifact_source' logger='daad_harvester.discover' level='info' timestamp='2026-08-19T10:55:14.633980Z'
url='https://itch.io/login?intent=community&return_to=https%3A%2F%2Fdareint.itch.io%2Ferinia-spanish' event='skipping_non_artifact_source' logger='daad_harvester.discover' level='info' timestamp='2026-08-19T10:55:14.634057Z'
url='https://itch.io/login?intent=community&return_to=https%3A%2F%2Fdareint.itch.io%2Ferinia-spanish' event='skipping_non_artifact_source' logger='daad_harvester.discover' level='info' timestamp='2026-08-19T10:55:14.634111Z'
url='https://itch.io/profile/dyoli' event='skipping_non_artifact_source' logger='daad_harvester.discover' level='info' timestamp='2026-08-19T10:55:14.634164Z'
url='https://itch.io/profile/dyoli' event='skipping_non_artifact_source' logger='daad_harvester.discover' level='info' timestamp='2026-08-19T10:55:14.634209Z'
url='https://itch.io/post/11949528' event='skipping_non_artifact_source' logger='daad_harvester.discover' level='info' timestamp='2026-08-19T10:55:14.634261Z'
url='https://itch.io/login?intent=community&return_to=https%3A%2F%2Fdareint.itch.io%2Ferinia-spanish' event='skipping_non_artifact_source' logger='daad_harvester.discover' level='info' timestamp='2026-08-19T10:55:14.634308Z'
url='https://itch.io/login?intent=community&return_to=https%3A%2F%2Fdareint.itch.io%2Ferinia-spanish' event='skipping_non_artifact_source' logger='daad_harvester.discover' level='info' timestamp='2026-08-19T10:55:14.634354Z'
url='https://itch.io/login?intent=community&return_to=https%3A%2F%2Fdareint.itch.io%2Ferinia-spanish' event='skipping_non_artifact_source' logger='daad_harvester.discover' level='info' timestamp='2026-08-19T10:55:14.634398Z'
url='https://itch.io/profile/dareint' event='skipping_non_artifact_source' logger='daad_harvester.discover' level='info' timestamp='2026-08-19T10:55:14.634479Z'
url='https://itch.io/profile/dareint' event='skipping_non_artifact_source' logger='daad_harvester.discover' level='info' timestamp='2026-08-19T10:55:14.634530Z'
url='https://itch.io/post/11949780' event='skipping_non_artifact_source' logger='daad_harvester.discover' level='info' timestamp='2026-08-19T10:55:14.634594Z'
url='https://itch.io/login?intent=community&return_to=https%3A%2F%2Fdareint.itch.io%2Ferinia-spanish' event='skipping_non_artifact_source' logger='daad_harvester.discover' level='info' timestamp='2026-08-19T10:55:14.634640Z'
url='https://itch.io/login?intent=community&return_to=https%3A%2F%2Fdareint.itch.io%2Ferinia-spanish' event='skipping_non_artifact_source' logger='daad_harvester.discover' level='info' timestamp='2026-08-19T10:55:14.634694Z'
url='https://itch.io/login?intent=community&return_to=https%3A%2F%2Fdareint.itch.io%2Ferinia-spanish' event='skipping_non_artifact_source' logger='daad_harvester.discover' level='info' timestamp='2026-08-19T10:55:14.634738Z'
url='https://itch.io/profile/michielhimself' event='skipping_non_artifact_source' logger='daad_harvester.discover' level='info' timestamp='2026-08-19T10:55:14.634790Z'
url='https://itch.io/profile/michielhimself' event='skipping_non_artifact_source' logger='daad_harvester.discover' level='info' timestamp='2026-08-19T10:55:14.634837Z'
url='https://itch.io/post/10759878' event='skipping_non_artifact_source' logger='daad_harvester.discover' level='info' timestamp='2026-08-19T10:55:14.634905Z'
url='https://itch.io/login?intent=community&return_to=https%3A%2F%2Fdareint.itch.io%2Ferinia-spanish' event='skipping_non_artifact_source' logger='daad_harvester.discover' level='info' timestamp='2026-08-19T10:55:14.634962Z'
url='https://itch.io/login?intent=community&return_to=https%3A%2F%2Fdareint.itch.io%2Ferinia-spanish' event='skipping_non_artifact_source' logger='daad_harvester.discover' level='info' timestamp='2026-08-19T10:55:14.635019Z'
url='https://itch.io/login?intent=community&return_to=https%3A%2F%2Fdareint.itch.io%2Ferinia-spanish' event='skipping_non_artifact_source' logger='daad_harvester.discover' level='info' timestamp='2026-08-19T10:55:14.635067Z'
url='https://itch.io/profile/dareint' event='skipping_non_artifact_source' logger='daad_harvester.discover' level='info' timestamp='2026-08-19T10:55:14.635111Z'
url='https://itch.io/profile/dareint' event='skipping_non_artifact_source' logger='daad_harvester.discover' level='info' timestamp='2026-08-19T10:55:14.635155Z'
url='https://itch.io/post/10763913' event='skipping_non_artifact_source' logger='daad_harvester.discover' level='info' timestamp='2026-08-19T10:55:14.635214Z'
url='https://itch.io/login?intent=community&return_to=https%3A%2F%2Fdareint.itch.io%2Ferinia-spanish' event='skipping_non_artifact_source' logger='daad_harvester.discover' level='info' timestamp='2026-08-19T10:55:14.635274Z'
url='https://itch.io/login?intent=community&return_to=https%3A%2F%2Fdareint.itch.io%2Ferinia-spanish' event='skipping_non_artifact_source' logger='daad_harvester.discover' level='info' timestamp='2026-08-19T10:55:14.635329Z'
url='https://itch.io/login?intent=community&return_to=https%3A%2F%2Fdareint.itch.io%2Ferinia-spanish' event='skipping_non_artifact_source' logger='daad_harvester.discover' level='info' timestamp='2026-08-19T10:55:14.635386Z'
url='https://itch.io/profile/michielhimself' event='skipping_non_artifact_source' logger='daad_harvester.discover' level='info' timestamp='2026-08-19T10:55:14.635470Z'
url='https://itch.io/profile/michielhimself' event='skipping_non_artifact_source' logger='daad_harvester.discover' level='info' timestamp='2026-08-19T10:55:14.635523Z'
url='https://itch.io/post/11792173' event='skipping_non_artifact_source' logger='daad_harvester.discover' level='info' timestamp='2026-08-19T10:55:14.635591Z'
url='https://itch.io/login?intent=community&return_to=https%3A%2F%2Fdareint.itch.io%2Ferinia-spanish' event='skipping_non_artifact_source' logger='daad_harvester.discover' level='info' timestamp='2026-08-19T10:55:14.635639Z'
url='https://itch.io/login?intent=community&return_to=https%3A%2F%2Fdareint.itch.io%2Ferinia-spanish' event='skipping_non_artifact_source' logger='daad_harvester.discover' level='info' timestamp='2026-08-19T10:55:14.635684Z'
url='https://itch.io/login?intent=community&return_to=https%3A%2F%2Fdareint.itch.io%2Ferinia-spanish' event='skipping_non_artifact_source' logger='daad_harvester.discover' level='info' timestamp='2026-08-19T10:55:14.635729Z'
url='https://itch.io/profile/dareint' event='skipping_non_artifact_source' logger='daad_harvester.discover' level='info' timestamp='2026-08-19T10:55:14.635782Z'
url='https://itch.io/profile/dareint' event='skipping_non_artifact_source' logger='daad_harvester.discover' level='info' timestamp='2026-08-19T10:55:14.635850Z'
url='https://itch.io/post/11793762' event='skipping_non_artifact_source' logger='daad_harvester.discover' level='info' timestamp='2026-08-19T10:55:14.635922Z'
url='https://itch.io/login?intent=community&return_to=https%3A%2F%2Fdareint.itch.io%2Ferinia-spanish' event='skipping_non_artifact_source' logger='daad_harvester.discover' level='info' timestamp='2026-08-19T10:55:14.635972Z'
url='https://itch.io/login?intent=community&return_to=https%3A%2F%2Fdareint.itch.io%2Ferinia-spanish' event='skipping_non_artifact_source' logger='daad_harvester.discover' level='info' timestamp='2026-08-19T10:55:14.636016Z'
url='https://itch.io/login?intent=community&return_to=https%3A%2F%2Fdareint.itch.io%2Ferinia-spanish' event='skipping_non_artifact_source' logger='daad_harvester.discover' level='info' timestamp='2026-08-19T10:55:14.636062Z'
url='https://itch.io/profile/singletonjohn' event='skipping_non_artifact_source' logger='daad_harvester.discover' level='info' timestamp='2026-08-19T10:55:14.636119Z'
url='https://itch.io/profile/singletonjohn' event='skipping_non_artifact_source' logger='daad_harvester.discover' level='info' timestamp='2026-08-19T10:55:14.636163Z'
url='https://itch.io/post/10505669' event='skipping_non_artifact_source' logger='daad_harvester.discover' level='info' timestamp='2026-08-19T10:55:14.636215Z'
url='https://itch.io/login?intent=community&return_to=https%3A%2F%2Fdareint.itch.io%2Ferinia-spanish' event='skipping_non_artifact_source' logger='daad_harvester.discover' level='info' timestamp='2026-08-19T10:55:14.636262Z'
url='https://itch.io/login?intent=community&return_to=https%3A%2F%2Fdareint.itch.io%2Ferinia-spanish' event='skipping_non_artifact_source' logger='daad_harvester.discover' level='info' timestamp='2026-08-19T10:55:14.636306Z'
url='https://itch.io/login?intent=community&return_to=https%3A%2F%2Fdareint.itch.io%2Ferinia-spanish' event='skipping_non_artifact_source' logger='daad_harvester.discover' level='info' timestamp='2026-08-19T10:55:14.636349Z'
url='https://itch.io/profile/dareint' event='skipping_non_artifact_source' logger='daad_harvester.discover' level='info' timestamp='2026-08-19T10:55:14.636390Z'
url='https://itch.io/profile/dareint' event='skipping_non_artifact_source' logger='daad_harvester.discover' level='info' timestamp='2026-08-19T10:55:14.636456Z'
url='https://itch.io/post/10507565' event='skipping_non_artifact_source' logger='daad_harvester.discover' level='info' timestamp='2026-08-19T10:55:14.636519Z'
url='https://itch.io/login?intent=community&return_to=https%3A%2F%2Fdareint.itch.io%2Ferinia-spanish' event='skipping_non_artifact_source' logger='daad_harvester.discover' level='info' timestamp='2026-08-19T10:55:14.636575Z'
url='https://img.itch.zone/aW1hZ2UvMjg4MjgzNC8xNzI0MDIyNy5qcGVn/original/H0XQh9.jpeg' event='skipping_non_artifact_source' logger='daad_harvester.discover' level='info' timestamp='2026-08-19T10:55:14.636631Z'
url='https://img.itch.zone/aW1hZ2UvMjg4MjgzNC8xOTMzNDg5MC5qcGc=/original/tnKwJV.jpg' event='skipping_non_artifact_source' logger='daad_harvester.discover' level='info' timestamp='2026-08-19T10:55:14.636683Z'
url='https://img.itch.zone/aW1hZ2UvMjg4MjgzNC8xNzI0MDIyOS5qcGc=/original/YCCT%2Be.jpg' event='skipping_non_artifact_source' logger='daad_harvester.discover' level='info' timestamp='2026-08-19T10:55:14.636751Z'
url='https://img.itch.zone/aW1hZ2UvMjg4MjgzNC8xOTMzNDkwMy5qcGc=/original/ZGj8iM.jpg' event='skipping_non_artifact_source' logger='daad_harvester.discover' level='info' timestamp='2026-08-19T10:55:14.636804Z'
url='https://img.itch.zone/aW1hZ2UvMjg4MjgzNC8xNzI0MDIyOC5qcGc=/original/XULDL%2F.jpg' event='skipping_non_artifact_source' logger='daad_harvester.discover' level='info' timestamp='2026-08-19T10:55:14.636861Z'
url='https://img.itch.zone/aW1hZ2UvMjg4MjgzNC8xOTMzNDkwNi5qcGc=/original/jRJ8yC.jpg' event='skipping_non_artifact_source' logger='daad_harvester.discover' level='info' timestamp='2026-08-19T10:55:14.636914Z'
url='https://img.itch.zone/aW1hZ2UvMjg4MjgzNC8xOTU4MjAyMC5qcGc=/original/kcfLqa.jpg' event='skipping_non_artifact_source' logger='daad_harvester.discover' level='info' timestamp='2026-08-19T10:55:14.636970Z'
url='https://img.itch.zone/aW1hZ2UvMjg4MjgzNC8xOTU4MjAxOC5qcGc=/original/LOjNJM.jpg' event='skipping_non_artifact_source' logger='daad_harvester.discover' level='info' timestamp='2026-08-19T10:55:14.637085Z'
url='https://img.itch.zone/aW1hZ2UvMjg4MjgzNC8xOTU4MjAyMy5qcGc=/original/gaQFB7.jpg' event='skipping_non_artifact_source' logger='daad_harvester.discover' level='info' timestamp='2026-08-19T10:55:14.637138Z'
url='https://img.itch.zone/aW1hZ2UvMjg4MjgzNC8xOTU4MjAyNC5qcGc=/original/VN1a%2BE.jpg' event='skipping_non_artifact_source' logger='daad_harvester.discover' level='info' timestamp='2026-08-19T10:55:14.637198Z'
url='https://img.itch.zone/aW1hZ2UvMjg4MjgzNC8xOTU4MjAyMS5qcGc=/original/MA6jpS.jpg' event='skipping_non_artifact_source' logger='daad_harvester.discover' level='info' timestamp='2026-08-19T10:55:14.637253Z'
url='https://img.itch.zone/aW1hZ2UvMjg4MjgzNC8xOTU4MjAyMi5qcGc=/original/DTYC%2Bn.jpg' event='skipping_non_artifact_source' logger='daad_harvester.discover' level='info' timestamp='2026-08-19T10:55:14.637311Z'
url='https://itch.io/' event='skipping_non_artifact_source' logger='daad_harvester.discover' level='info' timestamp='2026-08-19T10:55:14.637367Z'
url='https://itch.io/' event='skipping_non_artifact_source' logger='daad_harvester.discover' level='info' timestamp='2026-08-19T10:55:14.637415Z'
url='https://dareint.itch.io' event='skipping_non_artifact_source' logger='daad_harvester.discover' level='info' timestamp='2026-08-19T10:55:14.637490Z'
url='javascript:void(0);' event='skipping_non_artifact_source' logger='daad_harvester.discover' level='info' timestamp='2026-08-19T10:55:14.637537Z'
url='javascript:void(0);' event='skipping_non_artifact_source' logger='daad_harvester.discover' level='info' timestamp='2026-08-19T10:55:14.637584Z'
url='https://itch.io/games' event='skipping_non_artifact_source' logger='daad_harvester.discover' level='info' timestamp='2026-08-19T10:55:14.637638Z'
url='https://itch.io/games/tag-interactive-fiction' event='skipping_non_artifact_source' logger='daad_harvester.discover' level='info' timestamp='2026-08-19T10:55:14.637682Z'
url='https://itch.io/games/5-dollars-or-less' event='skipping_non_artifact_source' logger='daad_harvester.discover' level='info' timestamp='2026-08-19T10:55:14.637744Z'
url='https://toni-hernandez.itch.io/karhum' attempt=1 event='fetching_discovery_url' logger='daad_harvester.discover' level='info' timestamp='2026-08-19T10:55:14.637904Z'
url='https://wiki.caad.es/index.php?title=Especial:Entrar&returnto=DAAD+Adventure+Writer' event='skipping_non_artifact_source' logger='daad_harvester.discover' level='info' timestamp='2026-08-19T10:55:14.908158Z'
url='https://wiki.caad.es/Especial:Pedir_cuenta_de_usuario' event='skipping_non_artifact_source' logger='daad_harvester.discover' level='info' timestamp='2026-08-19T10:55:14.908356Z'
url='https://wiki.caad.es/P%C3%A1gina_principal' event='skipping_non_artifact_source' logger='daad_harvester.discover' level='info' timestamp='2026-08-19T10:55:14.908466Z'
url='https://wiki.caad.es/DAAD_Adventure_Writer' event='skipping_non_artifact_source' logger='daad_harvester.discover' level='info' timestamp='2026-08-19T10:55:14.908531Z'
url='https://wiki.caad.es/index.php?title=Discusi%C3%B3n:DAAD_Adventure_Writer&action=edit&redlink=1' event='skipping_non_artifact_source' logger='daad_harvester.discover' level='info' timestamp='2026-08-19T10:55:14.908617Z'
url='https://wiki.caad.es/DAAD_Adventure_Writer' event='skipping_non_artifact_source' logger='daad_harvester.discover' level='info' timestamp='2026-08-19T10:55:14.908669Z'
url='https://wiki.caad.es/index.php?title=DAAD_Adventure_Writer&action=edit' event='skipping_non_artifact_source' logger='daad_harvester.discover' level='info' timestamp='2026-08-19T10:55:14.908724Z'
url='https://wiki.caad.es/index.php?title=DAAD_Adventure_Writer&action=history' event='skipping_non_artifact_source' logger='daad_harvester.discover' level='info' timestamp='2026-08-19T10:55:14.908796Z'
url='https://wiki.caad.es/index.php?title=DAAD_Adventure_Writer&action=purge' event='skipping_non_artifact_source' logger='daad_harvester.discover' level='info' timestamp='2026-08-19T10:55:14.908851Z'
url='https://wiki.caad.es/DAAD' event='skipping_non_artifact_source' logger='daad_harvester.discover' level='info' timestamp='2026-08-19T10:55:14.908904Z'
url='https://wiki.caad.es/Stefan_Vogt' event='skipping_non_artifact_source' logger='daad_harvester.discover' level='info' timestamp='2026-08-19T10:55:14.908956Z'
url='https://wiki.caad.es/Tim_Gilberts' event='skipping_non_artifact_source' logger='daad_harvester.discover' level='info' timestamp='2026-08-19T10:55:14.909072Z'
url='https://wiki.caad.es/Aventuras_AD' event='skipping_non_artifact_source' logger='daad_harvester.discover' level='info' timestamp='2026-08-19T10:55:14.909132Z'
url='https://wiki.caad.es/PCW' event='skipping_non_artifact_source' logger='daad_harvester.discover' level='info' timestamp='2026-08-19T10:55:14.909183Z'
url='https://wiki.caad.es/MSX' event='skipping_non_artifact_source' logger='daad_harvester.discover' level='info' timestamp='2026-08-19T10:55:14.909244Z'
url='https://wiki.caad.es/index.php?title=Imre_Szell&action=edit&redlink=1' event='skipping_non_artifact_source' logger='daad_harvester.discover' level='info' timestamp='2026-08-19T10:55:14.909316Z'
url='https://wiki.caad.es/Commodore_64' event='skipping_non_artifact_source' logger='daad_harvester.discover' level='info' timestamp='2026-08-19T10:55:14.909377Z'
url='https://wiki.caad.es/Plus_4' event='skipping_non_artifact_source' logger='daad_harvester.discover' level='info' timestamp='2026-08-19T10:55:14.909450Z'
url='https://wiki.caad.es/Pedro_Fern%C3%A1ndez' event='skipping_non_artifact_source' logger='daad_harvester.discover' level='info' timestamp='2026-08-19T10:55:14.909532Z'
url='https://github.com/daad-adventure-writer/daad' event='skipping_non_artifact_source' logger='daad_harvester.discover' level='info' timestamp='2026-08-19T10:55:14.909587Z'
url='https://wiki.caad.es/index.php?title=DAAD_Adventure_Writer&oldid=14896' event='skipping_non_artifact_source' logger='daad_harvester.discover' level='info' timestamp='2026-08-19T10:55:14.909646Z'
url='https://wiki.caad.es/Especial:Categor%C3%ADas' event='skipping_non_artifact_source' logger='daad_harvester.discover' level='info' timestamp='2026-08-19T10:55:14.909708Z'
url='https://wiki.caad.es/Categor%C3%ADa:Herramientas_de_desarrollo' event='skipping_non_artifact_source' logger='daad_harvester.discover' level='info' timestamp='2026-08-19T10:55:14.909765Z'
url='https://wiki.caad.es/P%C3%A1gina_principal' event='skipping_non_artifact_source' logger='daad_harvester.discover' level='info' timestamp='2026-08-19T10:55:14.909815Z'
url='https://wiki.caad.es/Formulario:Juegos' event='skipping_non_artifact_source' logger='daad_harvester.discover' level='info' timestamp='2026-08-19T10:55:14.909866Z'
url='https://wiki.caad.es/Formulario:Noticia' event='skipping_non_artifact_source' logger='daad_harvester.discover' level='info' timestamp='2026-08-19T10:55:14.909916Z'
url='https://wiki.caad.es/Categor%C3%ADa:Juegos' event='skipping_non_artifact_source' logger='daad_harvester.discover' level='info' timestamp='2026-08-19T10:55:14.909988Z'
url='https://wiki.caad.es/Categor%C3%ADa:Autores' event='skipping_non_artifact_source' logger='daad_harvester.discover' level='info' timestamp='2026-08-19T10:55:14.910063Z'
url='https://wiki.caad.es/Categor%C3%ADa:Herramientas_desarrollo' event='skipping_non_artifact_source' logger='daad_harvester.discover' level='info' timestamp='2026-08-19T10:55:14.910120Z'
url='https://wiki.caad.es/Categor%C3%ADa:N%C3%BAmeros_del_CAAD' event='skipping_non_artifact_source' logger='daad_harvester.discover' level='info' timestamp='2026-08-19T10:55:14.910177Z'
url='https://wiki.caad.es/Anuario_aventurero' event='skipping_non_artifact_source' logger='daad_harvester.discover' level='info' timestamp='2026-08-19T10:55:14.910229Z'
url='https://wiki.caad.es/index.php/Especial:Categor%C3%ADas' event='skipping_non_artifact_source' logger='daad_harvester.discover' level='info' timestamp='2026-08-19T10:55:14.910298Z'
url='https://wiki.caad.es/P%C3%A1gina_principal' event='skipping_non_artifact_source' logger='daad_harvester.discover' level='info' timestamp='2026-08-19T10:55:14.910348Z'
url='https://wiki.caad.es/Especial:CambiosRecientes' event='skipping_non_artifact_source' logger='daad_harvester.discover' level='info' timestamp='2026-08-19T10:55:14.910398Z'
url='https://wiki.caad.es/Especial:Aleatoria' event='skipping_non_artifact_source' logger='daad_harvester.discover' level='info' timestamp='2026-08-19T10:55:14.910469Z'
url='https://www.mediawiki.org/wiki/Special:MyLanguage/Help:Contents' event='skipping_non_artifact_source' logger='daad_harvester.discover' level='info' timestamp='2026-08-19T10:55:14.910529Z'
url='https://wiki.caad.es/index.php?title=Especial:Confirmar_cuentas' event='skipping_non_artifact_source' logger='daad_harvester.discover' level='info' timestamp='2026-08-19T10:55:14.910585Z'
url='https://wiki.caad.es/index.php/Especial:PermisosUsuarios' event='skipping_non_artifact_source' logger='daad_harvester.discover' level='info' timestamp='2026-08-19T10:55:14.910638Z'
url='https://wiki.caad.es/Especial:P%C3%A1ginasEspeciales' event='skipping_non_artifact_source' logger='daad_harvester.discover' level='info' timestamp='2026-08-19T10:55:14.910693Z'
url='https://wiki.caad.es/index.php?title=DAAD_Adventure_Writer&action=pagevalues' event='skipping_non_artifact_source' logger='daad_harvester.discover' level='info' timestamp='2026-08-19T10:55:14.910746Z'
url='https://wiki.caad.es/index.php?title=Especial:Citar&page=DAAD_Adventure_Writer&id=14896&wpFormIdentifier=titleform' event='skipping_non_artifact_source' logger='daad_harvester.discover' level='info' timestamp='2026-08-19T10:55:14.910797Z'
url='https://wiki.caad.es/Especial:LoQueEnlazaAqu%C3%AD/DAAD_Adventure_Writer' event='skipping_non_artifact_source' logger='daad_harvester.discover' level='info' timestamp='2026-08-19T10:55:14.910855Z'
url='https://wiki.caad.es/Especial:CambiosEnEnlazadas/DAAD_Adventure_Writer' event='skipping_non_artifact_source' logger='daad_harvester.discover' level='info' timestamp='2026-08-19T10:55:14.910920Z'
url='javascript:print();' event='skipping_non_artifact_source' logger='daad_harvester.discover' level='info' timestamp='2026-08-19T10:55:14.910972Z'
url='https://wiki.caad.es/index.php?title=DAAD_Adventure_Writer&oldid=14896' event='skipping_non_artifact_source' logger='daad_harvester.discover' level='info' timestamp='2026-08-19T10:55:14.911036Z'
url='https://wiki.caad.es/index.php?title=DAAD_Adventure_Writer&action=info' event='skipping_non_artifact_source' logger='daad_harvester.discover' level='info' timestamp='2026-08-19T10:55:14.911093Z'
url='https://wiki.caad.es/index.php?title=Especial:Registro&page=DAAD+Adventure+Writer' event='skipping_non_artifact_source' logger='daad_harvester.discover' level='info' timestamp='2026-08-19T10:55:14.911144Z'
url='https://wiki.caad.es/Categor%C3%ADa:Herramientas_de_desarrollo' event='skipping_non_artifact_source' logger='daad_harvester.discover' level='info' timestamp='2026-08-19T10:55:14.911196Z'
url='https://creativecommons.org/licenses/by-nc-sa/4.0/' event='skipping_non_artifact_source' logger='daad_harvester.discover' level='info' timestamp='2026-08-19T10:55:14.911262Z'
url='https://www.mediawiki.org/' event='skipping_non_artifact_source' logger='daad_harvester.discover' level='info' timestamp='2026-08-19T10:55:14.911330Z'
url='https://creativecommons.org/licenses/by-nc-sa/4.0/' event='skipping_non_artifact_source' logger='daad_harvester.discover' level='info' timestamp='2026-08-19T10:55:14.911378Z'
url='https://wiki.caad.es/wikiCAAD:Pol%C3%ADtica_de_privacidad' event='skipping_non_artifact_source' logger='daad_harvester.discover' level='info' timestamp='2026-08-19T10:55:14.911458Z'
url='https://wiki.caad.es/wikiCAAD:Acerca_de' event='skipping_non_artifact_source' logger='daad_harvester.discover' level='info' timestamp='2026-08-19T10:55:14.911530Z'
url='https://wiki.caad.es/wikiCAAD:Descargo_general' event='skipping_non_artifact_source' logger='daad_harvester.discover' level='info' timestamp='2026-08-19T10:55:14.911588Z'
HTTP Request: GET https://plus4world.powweb.com/software/The_Dragnet_Case "HTTP/1.1 200 OK"
url='https://plus4world.powweb.com/home' event='skipping_non_artifact_source' logger='daad_harvester.discover' level='info' timestamp='2026-08-19T10:55:14.930359Z'
url='https://plus4world.powweb.com/search' event='skipping_non_artifact_source' logger='daad_harvester.discover' level='info' timestamp='2026-08-19T10:55:14.930614Z'
url='https://plus4world.powweb.com/games' event='skipping_non_artifact_source' logger='daad_harvester.discover' level='info' timestamp='2026-08-19T10:55:14.930726Z'
url='https://plus4world.powweb.com/tapes' event='skipping_non_artifact_source' logger='daad_harvester.discover' level='info' timestamp='2026-08-19T10:55:14.930807Z'
url='https://plus4world.powweb.com/covers' event='skipping_non_artifact_source' logger='daad_harvester.discover' level='info' timestamp='2026-08-19T10:55:14.930889Z'
url='https://plus4world.powweb.com/cheats' event='skipping_non_artifact_source' logger='daad_harvester.discover' level='info' timestamp='2026-08-19T10:55:14.930962Z'
url='https://plus4world.powweb.com/maps' event='skipping_non_artifact_source' logger='daad_harvester.discover' level='info' timestamp='2026-08-19T10:55:14.931045Z'
url='https://plus4world.powweb.com/sl/100' event='skipping_non_artifact_source' logger='daad_harvester.discover' level='info' timestamp='2026-08-19T10:55:14.931121Z'
url='https://plus4world.powweb.com/newstuff' event='skipping_non_artifact_source' logger='daad_harvester.discover' level='info' timestamp='2026-08-19T10:55:14.931194Z'
url='https://plus4world.powweb.com/halloffame' event='skipping_non_artifact_source' logger='daad_harvester.discover' level='info' timestamp='2026-08-19T10:55:14.931267Z'
url='https://plus4world.powweb.com/hvtc' event='skipping_non_artifact_source' logger='daad_harvester.discover' level='info' timestamp='2026-08-19T10:55:14.931344Z'
url='https://plus4world.powweb.com/gameendings' event='skipping_non_artifact_source' logger='daad_harvester.discover' level='info' timestamp='2026-08-19T10:55:14.931412Z'
url='https://plus4world.powweb.com/solutions' event='skipping_non_artifact_source' logger='daad_harvester.discover' level='info' timestamp='2026-08-19T10:55:14.931520Z'
url='https://plus4world.powweb.com/remakes' event='skipping_non_artifact_source' logger='daad_harvester.discover' level='info' timestamp='2026-08-19T10:55:14.931596Z'
url='https://plus4world.powweb.com/publications' event='skipping_non_artifact_source' logger='daad_harvester.discover' level='info' timestamp='2026-08-19T10:55:14.931673Z'
url='https://plus4world.powweb.com/mags' event='skipping_non_artifact_source' logger='daad_harvester.discover' level='info' timestamp='2026-08-19T10:55:14.931745Z'
url='https://plus4world.powweb.com/effects' event='skipping_non_artifact_source' logger='daad_harvester.discover' level='info' timestamp='2026-08-19T10:55:14.931811Z'
url='https://plus4world.powweb.com/toplist' event='skipping_non_artifact_source' logger='daad_harvester.discover' level='info' timestamp='2026-08-19T10:55:14.931890Z'
url='https://plus4world.powweb.com/members' event='skipping_non_artifact_source' logger='daad_harvester.discover' level='info' timestamp='2026-08-19T10:55:14.931949Z'
url='https://plus4world.powweb.com/groups' event='skipping_non_artifact_source' logger='daad_harvester.discover' level='info' timestamp='2026-08-19T10:55:14.932005Z'
url='https://plus4world.powweb.com/features' event='skipping_non_artifact_source' logger='daad_harvester.discover' level='info' timestamp='2026-08-19T10:55:14.932068Z'
url='https://plus4world.powweb.com/features/upload' event='skipping_non_artifact_source' logger='daad_harvester.discover' level='info' timestamp='2026-08-19T10:55:14.932123Z'
url='https://plus4world.powweb.com/plus4encyclopedia' event='skipping_non_artifact_source' logger='daad_harvester.discover' level='info' timestamp='2026-08-19T10:55:14.932187Z'
url='https://plus4world.powweb.com/hardware' event='skipping_non_artifact_source' logger='daad_harvester.discover' level='info' timestamp='2026-08-19T10:55:14.932240Z'
url='https://plus4world.powweb.com/tools' event='skipping_non_artifact_source' logger='daad_harvester.discover' level='info' timestamp='2026-08-19T10:55:14.932295Z'
url='https://plus4world.powweb.com/options' event='skipping_non_artifact_source' logger='daad_harvester.discover' level='info' timestamp='2026-08-19T10:55:14.932355Z'
url='https://plus4world.powweb.com/forum#pagetop' event='skipping_non_artifact_source' logger='daad_harvester.discover' level='info' timestamp='2026-08-19T10:55:14.932411Z'
url='https://plus4world.powweb.com/home' event='skipping_non_artifact_source' logger='daad_harvester.discover' level='info' timestamp='2026-08-19T10:55:14.932494Z'
url='https://plus4world.powweb.com/search' event='skipping_non_artifact_source' logger='daad_harvester.discover' level='info' timestamp='2026-08-19T10:55:14.932547Z'
url='https://plus4world.powweb.com/games' event='skipping_non_artifact_source' logger='daad_harvester.discover' level='info' timestamp='2026-08-19T10:55:14.932595Z'
url='https://plus4world.powweb.com/tapes' event='skipping_non_artifact_source' logger='daad_harvester.discover' level='info' timestamp='2026-08-19T10:55:14.932640Z'
url='https://plus4world.powweb.com/covers' event='skipping_non_artifact_source' logger='daad_harvester.discover' level='info' timestamp='2026-08-19T10:55:14.932684Z'
url='https://plus4world.powweb.com/cheats' event='skipping_non_artifact_source' logger='daad_harvester.discover' level='info' timestamp='2026-08-19T10:55:14.932730Z'
url='https://plus4world.powweb.com/maps' event='skipping_non_artifact_source' logger='daad_harvester.discover' level='info' timestamp='2026-08-19T10:55:14.932775Z'
url='https://plus4world.powweb.com/sl/100' event='skipping_non_artifact_source' logger='daad_harvester.discover' level='info' timestamp='2026-08-19T10:55:14.932820Z'
url='https://plus4world.powweb.com/newstuff' event='skipping_non_artifact_source' logger='daad_harvester.discover' level='info' timestamp='2026-08-19T10:55:14.932865Z'
url='https://plus4world.powweb.com/halloffame' event='skipping_non_artifact_source' logger='daad_harvester.discover' level='info' timestamp='2026-08-19T10:55:14.932910Z'
url='https://plus4world.powweb.com/hvtc' event='skipping_non_artifact_source' logger='daad_harvester.discover' level='info' timestamp='2026-08-19T10:55:14.932955Z'
url='https://plus4world.powweb.com/gameendings' event='skipping_non_artifact_source' logger='daad_harvester.discover' level='info' timestamp='2026-08-19T10:55:14.933049Z'
url='https://plus4world.powweb.com/solutions' event='skipping_non_artifact_source' logger='daad_harvester.discover' level='info' timestamp='2026-08-19T10:55:14.933100Z'
url='https://plus4world.powweb.com/remakes' event='skipping_non_artifact_source' logger='daad_harvester.discover' level='info' timestamp='2026-08-19T10:55:14.933147Z'
url='https://plus4world.powweb.com/publications' event='skipping_non_artifact_source' logger='daad_harvester.discover' level='info' timestamp='2026-08-19T10:55:14.933193Z'
url='https://plus4world.powweb.com/mags' event='skipping_non_artifact_source' logger='daad_harvester.discover' level='info' timestamp='2026-08-19T10:55:14.933237Z'
url='https://plus4world.powweb.com/effects' event='skipping_non_artifact_source' logger='daad_harvester.discover' level='info' timestamp='2026-08-19T10:55:14.933281Z'
url='https://plus4world.powweb.com/toplist' event='skipping_non_artifact_source' logger='daad_harvester.discover' level='info' timestamp='2026-08-19T10:55:14.933325Z'
url='https://plus4world.powweb.com/members' event='skipping_non_artifact_source' logger='daad_harvester.discover' level='info' timestamp='2026-08-19T10:55:14.933367Z'
url='https://plus4world.powweb.com/groups' event='skipping_non_artifact_source' logger='daad_harvester.discover' level='info' timestamp='2026-08-19T10:55:14.933411Z'
url='https://plus4world.powweb.com/features' event='skipping_non_artifact_source' logger='daad_harvester.discover' level='info' timestamp='2026-08-19T10:55:14.933492Z'
url='https://plus4world.powweb.com/features/upload' event='skipping_non_artifact_source' logger='daad_harvester.discover' level='info' timestamp='2026-08-19T10:55:14.933543Z'
url='https://plus4world.powweb.com/plus4encyclopedia' event='skipping_non_artifact_source' logger='daad_harvester.discover' level='info' timestamp='2026-08-19T10:55:14.933589Z'
url='https://plus4world.powweb.com/hardware' event='skipping_non_artifact_source' logger='daad_harvester.discover' level='info' timestamp='2026-08-19T10:55:14.933633Z'
url='https://plus4world.powweb.com/tools' event='skipping_non_artifact_source' logger='daad_harvester.discover' level='info' timestamp='2026-08-19T10:55:14.933679Z'
url='https://plus4world.powweb.com/options' event='skipping_non_artifact_source' logger='daad_harvester.discover' level='info' timestamp='2026-08-19T10:55:14.933726Z'
url='https://plus4world.powweb.com/forum#pagetop' event='skipping_non_artifact_source' logger='daad_harvester.discover' level='info' timestamp='2026-08-19T10:55:14.933772Z'
url='https://plus4world.powweb.com/login.php' event='skipping_non_artifact_source' logger='daad_harvester.discover' level='info' timestamp='2026-08-19T10:55:14.933827Z'
url='https://plus4world.powweb.com/series/Sam_Boon_Adventures' event='skipping_non_artifact_source' logger='daad_harvester.discover' level='info' timestamp='2026-08-19T10:55:14.933880Z'
url='https://plus4world.powweb.com/software/The_Mystery_of_Markham_Manor' event='skipping_non_artifact_source' logger='daad_harvester.discover' level='info' timestamp='2026-08-19T10:55:14.933933Z'
url='https://plus4world.powweb.com/software/A_Case_Of_Murder' event='skipping_non_artifact_source' logger='daad_harvester.discover' level='info' timestamp='2026-08-19T10:55:14.933985Z'
url='https://plus4world.powweb.com/sl/102' event='skipping_non_artifact_source' logger='daad_harvester.discover' level='info' timestamp='2026-08-19T10:55:14.934049Z'
url='https://plus4world.powweb.com/sl/2023' event='skipping_non_artifact_source' logger='daad_harvester.discover' level='info' timestamp='2026-08-19T10:55:14.934105Z'
url='https://plus4world.powweb.com/play/the_dragnet_case_zip' event='skipping_non_artifact_source' logger='daad_harvester.discover' level='info' timestamp='2026-08-19T10:55:14.934161Z'
url='https://plus4world.powweb.com/members/EdToo' event='skipping_non_artifact_source' logger='daad_harvester.discover' level='info' timestamp='2026-08-19T10:55:14.934216Z'
url='https://plus4world.powweb.com/dl/games/t/the_dragnet_case.zip' tier='archive' title='The Dragnet Case' event='discovered_source' logger='daad_harvester.discover' level='info' timestamp='2026-08-19T10:55:14.935602Z'
url='https://plus4world.powweb.com/dl/games/t/the_dragnet_case.zip' event='skipping_duplicate_source' logger='daad_harvester.discover' level='info' timestamp='2026-08-19T10:55:14.935752Z'
url='http://c64.rulez.org/pub/plus4/Games/t/The_Dragnet_Case.zip' tier='archive' title='The Dragnet Case' event='discovered_source' logger='daad_harvester.discover' level='info' timestamp='2026-08-19T10:55:14.936630Z'
url='http://c64.rulez.org/pub/plus4/Games/t/The_Dragnet_Case.zip' event='skipping_duplicate_source' logger='daad_harvester.discover' level='info' timestamp='2026-08-19T10:55:14.936731Z'
url='http://plus4.othersi.de/plus4/Games/t/The_Dragnet_Case.zip' tier='archive' title='The Dragnet Case' event='discovered_source' logger='daad_harvester.discover' level='info' timestamp='2026-08-19T10:55:14.937637Z'
url='http://plus4.othersi.de/plus4/Games/t/The_Dragnet_Case.zip' event='skipping_duplicate_source' logger='daad_harvester.discover' level='info' timestamp='2026-08-19T10:55:14.937742Z'
url='http://www.zimmers.net/anonftp/pub/cbm/plus4/Games/misc/t/The_Dragnet_Case.d64.gz' tier='archive' title='The Dragnet Case' event='discovered_source' logger='daad_harvester.discover' level='info' timestamp='2026-08-19T10:55:14.938599Z'
url='http://www.zimmers.net/anonftp/pub/cbm/plus4/Games/misc/t/The_Dragnet_Case.d64.gz' event='skipping_duplicate_source' logger='daad_harvester.discover' level='info' timestamp='2026-08-19T10:55:14.938753Z'
url='https://plus4world.powweb.com/software/The_Dragnet_Case' event='skipping_non_artifact_source' logger='daad_harvester.discover' level='info' timestamp='2026-08-19T10:55:14.938812Z'
url='https://taskmastersoftware.itch.io/the-dragnet-case-re-release' event='skipping_non_artifact_source' logger='daad_harvester.discover' level='info' timestamp='2026-08-19T10:55:14.938880Z'
url='https://www.lemon64.com/game/dragnet-case' event='skipping_non_artifact_source' logger='daad_harvester.discover' level='info' timestamp='2026-08-19T10:55:14.938939Z'
url='https://plus4world.powweb.com/solutions' event='skipping_non_artifact_source' logger='daad_harvester.discover' level='info' timestamp='2026-08-19T10:55:14.938993Z'
url='https://plus4world.powweb.com/solutions' event='skipping_non_artifact_source' logger='daad_harvester.discover' level='info' timestamp='2026-08-19T10:55:14.939058Z'
url='https://patreon.com/plus4world' event='skipping_non_artifact_source' logger='daad_harvester.discover' level='info' timestamp='2026-08-19T10:55:14.939131Z'
HTTP Request: GET https://archive.org/metadata/Ci-U-Than_Trilogy_I_La_Diosa_de_Cozumel_1990_Aventuras_AD_es "HTTP/1.1 200 OK"
url='https://archive.org/download/Ci-U-Than_Trilogy_I_La_Diosa_de_Cozumel_1990_Aventuras_AD_es/Ci-U-Than_Trilogy_I_La_Diosa_de_Cozumel_1990_Aventuras_AD_es.dsk' tier='archive' title='Cozumel' event='discovered_source' logger='daad_harvester.discover' level='info' timestamp='2026-08-19T10:55:14.998265Z'
url='https://archive.org/download/Ci-U-Than_Trilogy_I_La_Diosa_de_Cozumel_1990_Aventuras_AD_es/Ci-U-Than_Trilogy_I_La_Diosa_de_Cozumel_1990_Aventuras_AD_es_archive.torrent' event='skipping_non_artifact_source' logger='daad_harvester.discover' level='info' timestamp='2026-08-19T10:55:14.998464Z'
url='https://archive.org/download/Ci-U-Than_Trilogy_I_La_Diosa_de_Cozumel_1990_Aventuras_AD_es/Ci-U-Than_Trilogy_I_La_Diosa_de_Cozumel_1990_Aventuras_AD_es_files.xml' event='skipping_non_artifact_source' logger='daad_harvester.discover' level='info' timestamp='2026-08-19T10:55:14.998554Z'
url='https://archive.org/download/Ci-U-Than_Trilogy_I_La_Diosa_de_Cozumel_1990_Aventuras_AD_es/Ci-U-Than_Trilogy_I_La_Diosa_de_Cozumel_1990_Aventuras_AD_es_meta.sqlite' event='skipping_non_artifact_source' logger='daad_harvester.discover' level='info' timestamp='2026-08-19T10:55:14.998611Z'
url='https://archive.org/download/Ci-U-Than_Trilogy_I_La_Diosa_de_Cozumel_1990_Aventuras_AD_es/Ci-U-Than_Trilogy_I_La_Diosa_de_Cozumel_1990_Aventuras_AD_es_meta.xml' event='skipping_non_artifact_source' logger='daad_harvester.discover' level='info' timestamp='2026-08-19T10:55:14.998660Z'
url='https://archive.org/download/Ci-U-Than_Trilogy_I_La_Diosa_de_Cozumel_1990_Aventuras_AD_es/Ci-U-Than_Trilogy_I_La_Diosa_de_Cozumel_1990_Aventuras_AD_es_screenshot.png' event='skipping_non_artifact_source' logger='daad_harvester.discover' level='info' timestamp='2026-08-19T10:55:14.998708Z'
url='https://archive.org/download/Ci-U-Than_Trilogy_I_La_Diosa_de_Cozumel_1990_Aventuras_AD_es/__ia_thumb.jpg' event='skipping_non_artifact_source' logger='daad_harvester.discover' level='info' timestamp='2026-08-19T10:55:14.998753Z'
url='https://spectrumcomputing.co.uk/pub/sinclair/games/c/ChichenItza.tap.zip' tier='api' title='Chichén Itzá' event='discovered_source' logger='daad_harvester.discover' level='info' timestamp='2026-08-19T10:55:15.060491Z'
url='https://spectrumcomputing.co.uk/pub/sinclair/games/c/ChichenItza.tzx.zip' tier='api' title='Chichén Itzá' event='discovered_source' logger='daad_harvester.discover' level='info' timestamp='2026-08-19T10:55:15.061697Z'
url='https://spectrumcomputing.co.uk/pub/sinclair/games/c/Cozumel.dsk.zip' tier='api' title='Cozumel' event='discovered_source' logger='daad_harvester.discover' level='info' timestamp='2026-08-19T10:55:15.062849Z'
url='https://spectrumcomputing.co.uk/pub/sinclair/games/c/Cozumel.tzx.zip' tier='api' title='Cozumel' event='discovered_source' logger='daad_harvester.discover' level='info' timestamp='2026-08-19T10:55:15.063905Z'
url='https://spectrumcomputing.co.uk/pub/sinclair/games/c/CozumelPart1.tap.zip' tier='api' title='Cozumel' event='discovered_source' logger='daad_harvester.discover' level='info' timestamp='2026-08-19T10:55:15.064849Z'
url='https://spectrumcomputing.co.uk/pub/sinclair/games/c/CozumelPart2.tap.zip' tier='api' title='Cozumel' event='discovered_source' logger='daad_harvester.discover' level='info' timestamp='2026-08-19T10:55:15.065775Z'
url='https://spectrumcomputing.co.uk/pub/sinclair/games/c/Cozumel(IBSA).tzx.zip' tier='api' title='Cozumel' event='discovered_source' logger='daad_harvester.discover' level='info' timestamp='2026-08-19T10:55:15.066585Z'
url='https://spectrumcomputing.co.uk/pub/sinclair/games/j/Jabato.dsk.zip' tier='api' title='Jabato' event='discovered_source' logger='daad_harvester.discover' level='info' timestamp='2026-08-19T10:55:15.067395Z'
url='https://spectrumcomputing.co.uk/pub/sinclair/games/j/Jabato.tzx.zip' tier='api' title='Jabato' event='discovered_source' logger='daad_harvester.discover' level='info' timestamp='2026-08-19T10:55:15.068480Z'
url='https://spectrumcomputing.co.uk/pub/sinclair/games/a/AventuraEspacialLa.dsk.zip' tier='api' title='La Aventura Espacial' event='discovered_source' logger='daad_harvester.discover' level='info' timestamp='2026-08-19T10:55:15.069523Z'
url='https://spectrumcomputing.co.uk/pub/sinclair/games/a/AventuraEspacialLa.tzx.zip' tier='api' title='La Aventura Espacial' event='discovered_source' logger='daad_harvester.discover' level='info' timestamp='2026-08-19T10:55:15.070463Z'
url='https://spectrumcomputing.co.uk/pub/sinclair/games/a/AventuraEspacialLaPart1.tap.zip' tier='api' title='La Aventura Espacial' event='discovered_source' logger='daad_harvester.discover' level='info' timestamp='2026-08-19T10:55:15.071289Z'
url='https://spectrumcomputing.co.uk/pub/sinclair/games/a/AventuraEspacialLaPart2.tap.zip' tier='api' title='La Aventura Espacial' event='discovered_source' logger='daad_harvester.discover' level='info' timestamp='2026-08-19T10:55:15.072240Z'
url='https://spectrumcomputing.co.uk/pub/sinclair/games/a/AventuraEspacialLa(IBSA).tzx.zip' tier='api' title='La Aventura Espacial' event='discovered_source' logger='daad_harvester.discover' level='info' timestamp='2026-08-19T10:55:15.077582Z'
url='https://spectrumcomputing.co.uk/pub/sinclair/games/a/AventuraOriginalLa.dsk.zip' tier='api' title='La Aventura Original' event='discovered_source' logger='daad_harvester.discover' level='info' timestamp='2026-08-19T10:55:15.078853Z'
url='https://spectrumcomputing.co.uk/pub/sinclair/games/a/AventuraOriginalLa.tzx.zip' tier='api' title='La Aventura Original' event='discovered_source' logger='daad_harvester.discover' level='info' timestamp='2026-08-19T10:55:15.079817Z'
url='https://spectrumcomputing.co.uk/pub/sinclair/games/a/AventuraOriginalLaPart1-LaBusqueda.tap.zip' tier='api' title='La Aventura Original' event='discovered_source' logger='daad_harvester.discover' level='info' timestamp='2026-08-19T10:55:15.080690Z'
url='https://spectrumcomputing.co.uk/pub/sinclair/games/a/AventuraOriginalLaPart2-ElEncuentro.tap.zip' tier='api' title='La Aventura Original' event='discovered_source' logger='daad_harvester.discover' level='info' timestamp='2026-08-19T10:55:15.081609Z'
url='https://spectrumcomputing.co.uk/pub/sinclair/games/a/AventuraOriginalLa(IBSA).tzx.zip' tier='api' title='La Aventura Original' event='discovered_source' logger='daad_harvester.discover' level='info' timestamp='2026-08-19T10:55:15.082416Z'
url='https://spectrumcomputing.co.uk/pub/sinclair/games/t/TemplosSagradosLos.tap.zip' tier='api' title='Los Templos Sagrados' event='discovered_source' logger='daad_harvester.discover' level='info' timestamp='2026-08-19T10:55:15.083237Z'
url='https://spectrumcomputing.co.uk/pub/sinclair/games/t/TemplosSagradosLos.tzx.zip' tier='api' title='Los Templos Sagrados' event='discovered_source' logger='daad_harvester.discover' level='info' timestamp='2026-08-19T10:55:15.084056Z'
url='https://spectrumcomputing.co.uk/pub/sinclair/games/e/Espejos.tap.zip' tier='api' title='Espejos' event='discovered_source' logger='daad_harvester.discover' level='info' timestamp='2026-08-19T10:55:15.084946Z'
url='https://spectrumcomputing.co.uk/zxdb/sinclair/entries/0015022/Espejos(sideA).dsk.zip' tier='api' title='Espejos' event='discovered_source' logger='daad_harvester.discover' level='info' timestamp='2026-08-19T10:55:15.085807Z'
url='https://spectrumcomputing.co.uk/zxdb/sinclair/entries/0015022/Espejos(sideB).dsk.zip' tier='api' title='Espejos' event='discovered_source' logger='daad_harvester.discover' level='info' timestamp='2026-08-19T10:55:15.086600Z'
url='https://spectrumcomputing.co.uk/zxdb/sinclair/entries/0035692/AventurasDeRudolphineRurLas(Part1).tap.zip' tier='api' title='Las Aventuras de Rudolphine Rur' event='discovered_source' logger='daad_harvester.discover' level='info' timestamp='2026-08-19T10:55:15.087586Z'
url='https://spectrumcomputing.co.uk/zxdb/sinclair/entries/0035692/AventurasDeRudolphineRurLas(Part2).tap.zip' tier='api' title='Las Aventuras de Rudolphine Rur' event='discovered_source' logger='daad_harvester.discover' level='info' timestamp='2026-08-19T10:55:15.088317Z'
url='https://spectrumcomputing.co.uk/pub/sinclair/games/a/Adventure1(different).tzx.zip' tier='api' title='Adventure 1' event='discovered_source' logger='daad_harvester.discover' level='info' timestamp='2026-08-19T10:55:15.089779Z'
url='https://spectrumcomputing.co.uk/pub/sinclair/games/a/Adventure1(different)_2.tzx.zip' tier='api' title='Adventure 1' event='discovered_source' logger='daad_harvester.discover' level='info' timestamp='2026-08-19T10:55:15.092857Z'
url='https://spectrumcomputing.co.uk/pub/sinclair/games/a/Adventure1.tap.zip' tier='api' title='Adventure 1' event='discovered_source' logger='daad_harvester.discover' level='info' timestamp='2026-08-19T10:55:15.094227Z'
url='https://spectrumcomputing.co.uk/pub/sinclair/games/a/Adventure1.tzx.zip' tier='api' title='Adventure 1' event='discovered_source' logger='daad_harvester.discover' level='info' timestamp='2026-08-19T10:55:15.095461Z'
url='https://spectrumcomputing.co.uk/pub/sinclair/games/a/Adventure1(ColossalCaves)(CPSoftware).tzx.zip' tier='api' title='Adventure 1' event='discovered_source' logger='daad_harvester.discover' level='info' timestamp='2026-08-19T10:55:15.096654Z'
url='https://spectrumcomputing.co.uk/pub/sinclair/games/a/Adventure1(ClassicAdventure)(MelbourneHouse).tap.zip' tier='api' title='Adventure 1' event='discovered_source' logger='daad_harvester.discover' level='info' timestamp='2026-08-19T10:55:15.097896Z'
url='https://spectrumcomputing.co.uk/pub/sinclair/games/a/Adventure1(ClassicAdventure)(MelbourneHouse).tzx.zip' tier='api' title='Adventure 1' event='discovered_source' logger='daad_harvester.discover' level='info' timestamp='2026-08-19T10:55:15.099201Z'
url='https://spectrumcomputing.co.uk/pub/sinclair/games/d/DonQuijote.tzx.zip' tier='api' title='Don Quijote' event='discovered_source' logger='daad_harvester.discover' level='info' timestamp='2026-08-19T10:55:15.100574Z'
url='https://spectrumcomputing.co.uk/pub/sinclair/games/d/DonQuijotePart1.tap.zip' tier='api' title='Don Quijote' event='discovered_source' logger='daad_harvester.discover' level='info' timestamp='2026-08-19T10:55:15.101924Z'
url='https://spectrumcomputing.co.uk/pub/sinclair/games/d/DonQuijotePart2.tap.zip' tier='api' title='Don Quijote' event='discovered_source' logger='daad_harvester.discover' level='info' timestamp='2026-08-19T10:55:15.103144Z'
url='https://spectrumcomputing.co.uk/pub/sinclair/games/d/DonQuijote(IBSA).tzx.zip' tier='api' title='Don Quijote' event='discovered_source' logger='daad_harvester.discover' level='info' timestamp='2026-08-19T10:55:15.104149Z'
url='https://spectrumcomputing.co.uk/pub/sinclair/games/p/PajarosDeBangkokLos(SmallCase).tzx.zip' tier='api' title='Los Pajaros de Bangkok' event='discovered_source' logger='daad_harvester.discover' level='info' timestamp='2026-08-19T10:55:15.105159Z'
url='https://spectrumcomputing.co.uk/pub/sinclair/games/p/PajarosDeBangkokLos.dsk.zip' tier='api' title='Los Pajaros de Bangkok' event='discovered_source' logger='daad_harvester.discover' level='info' timestamp='2026-08-19T10:55:15.106121Z'
url='https://archive.org/metadata/Jabato_1989_Aventuras_AD_es_cr_Jorge_Jose_Maria' attempt=1 event='fetching_discovery_url' logger='daad_harvester.discover' level='info' timestamp='2026-08-19T10:55:15.107486Z'
HTTP Request: GET https://worldofspectrum.org/archive/software/text-adventures/el-castillo-vacilon-aventuras-ad-sa "HTTP/1.1 200 OK"
url='https://worldofspectrum.org/archive/software/text-adventures/evolucion-aventuras-ad-sa' attempt=1 event='fetching_discovery_url' logger='daad_harvester.discover' level='info' timestamp='2026-08-19T10:55:15.417903Z'
url='https://plus4world.powweb.com/software/The_Hut_-_The_Leaf_Edition' attempt=1 event='fetching_discovery_url' logger='daad_harvester.discover' level='info' timestamp='2026-08-19T10:55:15.457091Z'
HTTP Request: GET https://plus4world.powweb.com/software/The_Hut_-_The_Leaf_Edition "HTTP/1.1 200 OK"
url='https://plus4world.powweb.com/home' event='skipping_non_artifact_source' logger='daad_harvester.discover' level='info' timestamp='2026-08-19T10:55:15.845362Z'
url='https://plus4world.powweb.com/search' event='skipping_non_artifact_source' logger='daad_harvester.discover' level='info' timestamp='2026-08-19T10:55:15.845644Z'
url='https://plus4world.powweb.com/games' event='skipping_non_artifact_source' logger='daad_harvester.discover' level='info' timestamp='2026-08-19T10:55:15.845754Z'
url='https://plus4world.powweb.com/tapes' event='skipping_non_artifact_source' logger='daad_harvester.discover' level='info' timestamp='2026-08-19T10:55:15.845849Z'
url='https://plus4world.powweb.com/covers' event='skipping_non_artifact_source' logger='daad_harvester.discover' level='info' timestamp='2026-08-19T10:55:15.845931Z'
url='https://plus4world.powweb.com/cheats' event='skipping_non_artifact_source' logger='daad_harvester.discover' level='info' timestamp='2026-08-19T10:55:15.846009Z'
url='https://plus4world.powweb.com/maps' event='skipping_non_artifact_source' logger='daad_harvester.discover' level='info' timestamp='2026-08-19T10:55:15.846088Z'
url='https://plus4world.powweb.com/sl/100' event='skipping_non_artifact_source' logger='daad_harvester.discover' level='info' timestamp='2026-08-19T10:55:15.846174Z'
url='https://plus4world.powweb.com/newstuff' event='skipping_non_artifact_source' logger='daad_harvester.discover' level='info' timestamp='2026-08-19T10:55:15.846258Z'
url='https://plus4world.powweb.com/halloffame' event='skipping_non_artifact_source' logger='daad_harvester.discover' level='info' timestamp='2026-08-19T10:55:15.846344Z'
url='https://plus4world.powweb.com/hvtc' event='skipping_non_artifact_source' logger='daad_harvester.discover' level='info' timestamp='2026-08-19T10:55:15.846439Z'
url='https://plus4world.powweb.com/gameendings' event='skipping_non_artifact_source' logger='daad_harvester.discover' level='info' timestamp='2026-08-19T10:55:15.846537Z'
url='https://plus4world.powweb.com/solutions' event='skipping_non_artifact_source' logger='daad_harvester.discover' level='info' timestamp='2026-08-19T10:55:15.846625Z'
url='https://plus4world.powweb.com/remakes' event='skipping_non_artifact_source' logger='daad_harvester.discover' level='info' timestamp='2026-08-19T10:55:15.846715Z'
url='https://plus4world.powweb.com/publications' event='skipping_non_artifact_source' logger='daad_harvester.discover' level='info' timestamp='2026-08-19T10:55:15.846803Z'
url='https://plus4world.powweb.com/mags' event='skipping_non_artifact_source' logger='daad_harvester.discover' level='info' timestamp='2026-08-19T10:55:15.846891Z'
url='https://plus4world.powweb.com/effects' event='skipping_non_artifact_source' logger='daad_harvester.discover' level='info' timestamp='2026-08-19T10:55:15.846974Z'
url='https://plus4world.powweb.com/toplist' event='skipping_non_artifact_source' logger='daad_harvester.discover' level='info' timestamp='2026-08-19T10:55:15.847061Z'
url='https://plus4world.powweb.com/members' event='skipping_non_artifact_source' logger='daad_harvester.discover' level='info' timestamp='2026-08-19T10:55:15.847159Z'
url='https://plus4world.powweb.com/groups' event='skipping_non_artifact_source' logger='daad_harvester.discover' level='info' timestamp='2026-08-19T10:55:15.847248Z'
url='https://plus4world.powweb.com/features' event='skipping_non_artifact_source' logger='daad_harvester.discover' level='info' timestamp='2026-08-19T10:55:15.847342Z'
url='https://plus4world.powweb.com/features/upload' event='skipping_non_artifact_source' logger='daad_harvester.discover' level='info' timestamp='2026-08-19T10:55:15.847453Z'
url='https://plus4world.powweb.com/plus4encyclopedia' event='skipping_non_artifact_source' logger='daad_harvester.discover' level='info' timestamp='2026-08-19T10:55:15.847549Z'
url='https://plus4world.powweb.com/hardware' event='skipping_non_artifact_source' logger='daad_harvester.discover' level='info' timestamp='2026-08-19T10:55:15.847637Z'
url='https://plus4world.powweb.com/tools' event='skipping_non_artifact_source' logger='daad_harvester.discover' level='info' timestamp='2026-08-19T10:55:15.847728Z'
url='https://plus4world.powweb.com/options' event='skipping_non_artifact_source' logger='daad_harvester.discover' level='info' timestamp='2026-08-19T10:55:15.847814Z'
url='https://plus4world.powweb.com/forum#pagetop' event='skipping_non_artifact_source' logger='daad_harvester.discover' level='info' timestamp='2026-08-19T10:55:15.847896Z'
url='https://plus4world.powweb.com/home' event='skipping_non_artifact_source' logger='daad_harvester.discover' level='info' timestamp='2026-08-19T10:55:15.847975Z'
url='https://plus4world.powweb.com/search' event='skipping_non_artifact_source' logger='daad_harvester.discover' level='info' timestamp='2026-08-19T10:55:15.848066Z'
url='https://plus4world.powweb.com/games' event='skipping_non_artifact_source' logger='daad_harvester.discover' level='info' timestamp='2026-08-19T10:55:15.848155Z'
url='https://plus4world.powweb.com/tapes' event='skipping_non_artifact_source' logger='daad_harvester.discover' level='info' timestamp='2026-08-19T10:55:15.848238Z'
url='https://plus4world.powweb.com/covers' event='skipping_non_artifact_source' logger='daad_harvester.discover' level='info' timestamp='2026-08-19T10:55:15.848316Z'
url='https://plus4world.powweb.com/cheats' event='skipping_non_artifact_source' logger='daad_harvester.discover' level='info' timestamp='2026-08-19T10:55:15.848393Z'
url='https://plus4world.powweb.com/maps' event='skipping_non_artifact_source' logger='daad_harvester.discover' level='info' timestamp='2026-08-19T10:55:15.848502Z'
url='https://plus4world.powweb.com/sl/100' event='skipping_non_artifact_source' logger='daad_harvester.discover' level='info' timestamp='2026-08-19T10:55:15.848590Z'
url='https://plus4world.powweb.com/newstuff' event='skipping_non_artifact_source' logger='daad_harvester.discover' level='info' timestamp='2026-08-19T10:55:15.848674Z'
url='https://plus4world.powweb.com/halloffame' event='skipping_non_artifact_source' logger='daad_harvester.discover' level='info' timestamp='2026-08-19T10:55:15.848756Z'
url='https://plus4world.powweb.com/hvtc' event='skipping_non_artifact_source' logger='daad_harvester.discover' level='info' timestamp='2026-08-19T10:55:15.848833Z'
url='https://plus4world.powweb.com/gameendings' event='skipping_non_artifact_source' logger='daad_harvester.discover' level='info' timestamp='2026-08-19T10:55:15.848910Z'
url='https://plus4world.powweb.com/solutions' event='skipping_non_artifact_source' logger='daad_harvester.discover' level='info' timestamp='2026-08-19T10:55:15.849073Z'
url='https://plus4world.powweb.com/remakes' event='skipping_non_artifact_source' logger='daad_harvester.discover' level='info' timestamp='2026-08-19T10:55:15.849169Z'
url='https://plus4world.powweb.com/publications' event='skipping_non_artifact_source' logger='daad_harvester.discover' level='info' timestamp='2026-08-19T10:55:15.849246Z'
url='https://plus4world.powweb.com/mags' event='skipping_non_artifact_source' logger='daad_harvester.discover' level='info' timestamp='2026-08-19T10:55:15.849350Z'
url='https://plus4world.powweb.com/effects' event='skipping_non_artifact_source' logger='daad_harvester.discover' level='info' timestamp='2026-08-19T10:55:15.849488Z'
url='https://plus4world.powweb.com/toplist' event='skipping_non_artifact_source' logger='daad_harvester.discover' level='info' timestamp='2026-08-19T10:55:15.849598Z'
url='https://plus4world.powweb.com/members' event='skipping_non_artifact_source' logger='daad_harvester.discover' level='info' timestamp='2026-08-19T10:55:15.849676Z'
url='https://plus4world.powweb.com/groups' event='skipping_non_artifact_source' logger='daad_harvester.discover' level='info' timestamp='2026-08-19T10:55:15.849765Z'
url='https://plus4world.powweb.com/features' event='skipping_non_artifact_source' logger='daad_harvester.discover' level='info' timestamp='2026-08-19T10:55:15.849848Z'
url='https://plus4world.powweb.com/features/upload' event='skipping_non_artifact_source' logger='daad_harvester.discover' level='info' timestamp='2026-08-19T10:55:15.849919Z'
url='https://plus4world.powweb.com/plus4encyclopedia' event='skipping_non_artifact_source' logger='daad_harvester.discover' level='info' timestamp='2026-08-19T10:55:15.850017Z'
url='https://plus4world.powweb.com/hardware' event='skipping_non_artifact_source' logger='daad_harvester.discover' level='info' timestamp='2026-08-19T10:55:15.850131Z'
url='https://plus4world.powweb.com/tools' event='skipping_non_artifact_source' logger='daad_harvester.discover' level='info' timestamp='2026-08-19T10:55:15.850230Z'
url='https://plus4world.powweb.com/options' event='skipping_non_artifact_source' logger='daad_harvester.discover' level='info' timestamp='2026-08-19T10:55:15.850312Z'
url='https://plus4world.powweb.com/forum#pagetop' event='skipping_non_artifact_source' logger='daad_harvester.discover' level='info' timestamp='2026-08-19T10:55:15.850402Z'
url='https://plus4world.powweb.com/login.php' event='skipping_non_artifact_source' logger='daad_harvester.discover' level='info' timestamp='2026-08-19T10:55:15.850542Z'
url='https://plus4world.powweb.com/sl/102' event='skipping_non_artifact_source' logger='daad_harvester.discover' level='info' timestamp='2026-08-19T10:55:15.850648Z'
url='https://plus4world.powweb.com/sl/2019' event='skipping_non_artifact_source' logger='daad_harvester.discover' level='info' timestamp='2026-08-19T10:55:15.850745Z'
url='https://plus4world.powweb.com/play/the_hut_-_the_leaf_edition_zip' event='skipping_non_artifact_source' logger='daad_harvester.discover' level='info' timestamp='2026-08-19T10:55:15.850836Z'
url='https://plus4world.powweb.com/members/The_Balrog' event='skipping_non_artifact_source' logger='daad_harvester.discover' level='info' timestamp='2026-08-19T10:55:15.850935Z'
url='https://plus4world.powweb.com/members/siz' event='skipping_non_artifact_source' logger='daad_harvester.discover' level='info' timestamp='2026-08-19T10:55:15.851037Z'
url='https://plus4world.powweb.com/software/The_Hut' event='skipping_non_artifact_source' logger='daad_harvester.discover' level='info' timestamp='2026-08-19T10:55:15.851137Z'
url='https://plus4world.powweb.com/dl/games/t/the_hut_-_the_leaf_edition.zip' tier='archive' title='The Hut - The Leaf Edition - Software Details - Plus/4 World' event='discovered_source' logger='daad_harvester.discover' level='info' timestamp='2026-08-19T10:55:15.853065Z'
url='https://plus4world.powweb.com/dl/games/t/the_hut_-_the_leaf_edition.zip' event='skipping_duplicate_source' logger='daad_harvester.discover' level='info' timestamp='2026-08-19T10:55:15.853294Z'
url='http://c64.rulez.org/pub/plus4/Games/t/The_Hut_-_The_Leaf_Edition.zip' tier='archive' title='The Hut - The Leaf Edition - Software Details - Plus/4 World' event='discovered_source' logger='daad_harvester.discover' level='info' timestamp='2026-08-19T10:55:15.854787Z'
url='http://c64.rulez.org/pub/plus4/Games/t/The_Hut_-_The_Leaf_Edition.zip' event='skipping_duplicate_source' logger='daad_harvester.discover' level='info' timestamp='2026-08-19T10:55:15.854973Z'
url='http://plus4.othersi.de/plus4/Games/t/The_Hut_-_The_Leaf_Edition.zip' tier='archive' title='The Hut - The Leaf Edition - Software Details - Plus/4 World' event='discovered_source' logger='daad_harvester.discover' level='info' timestamp='2026-08-19T10:55:15.856327Z'
url='http://plus4.othersi.de/plus4/Games/t/The_Hut_-_The_Leaf_Edition.zip' event='skipping_duplicate_source' logger='daad_harvester.discover' level='info' timestamp='2026-08-19T10:55:15.856535Z'
url='http://www.zimmers.net/anonftp/pub/cbm/plus4/Games/misc/t/The_Hut_-_The_Leaf_Edition.d64.gz' tier='archive' title='The Hut - The Leaf Edition - Software Details - Plus/4 World' event='discovered_source' logger='daad_harvester.discover' level='info' timestamp='2026-08-19T10:55:15.858108Z'
url='http://www.zimmers.net/anonftp/pub/cbm/plus4/Games/misc/t/The_Hut_-_The_Leaf_Edition.d64.gz' event='skipping_duplicate_source' logger='daad_harvester.discover' level='info' timestamp='2026-08-19T10:55:15.858282Z'
url='https://plus4world.powweb.com/software/The_Hut_-_The_Leaf_Edition' event='skipping_non_artifact_source' logger='daad_harvester.discover' level='info' timestamp='2026-08-19T10:55:15.858369Z'
url='https://plus4world.powweb.com/solutions' event='skipping_non_artifact_source' logger='daad_harvester.discover' level='info' timestamp='2026-08-19T10:55:15.858502Z'
url='https://patreon.com/plus4world' event='skipping_non_artifact_source' logger='daad_harvester.discover' level='info' timestamp='2026-08-19T10:55:15.858612Z'
HTTP Request: GET https://archive.org/metadata/Jabato_1989_Aventuras_AD_es_cr_Jorge_Jose_Maria "HTTP/1.1 200 OK"
url='https://archive.org/download/Jabato_1989_Aventuras_AD_es_cr_Jorge_Jose_Maria/Jabato_1989_Aventuras_AD_es_cr_Jorge_Jose_Maria_archive.torrent' event='skipping_non_artifact_source' logger='daad_harvester.discover' level='info' timestamp='2026-08-19T10:55:16.152536Z'
url='https://archive.org/download/Jabato_1989_Aventuras_AD_es_cr_Jorge_Jose_Maria/Jabato_1989_Aventuras_AD_es_cr_Jorge_Jose_Maria_files.xml' event='skipping_non_artifact_source' logger='daad_harvester.discover' level='info' timestamp='2026-08-19T10:55:16.152680Z'
url='https://archive.org/download/Jabato_1989_Aventuras_AD_es_cr_Jorge_Jose_Maria/Jabato_1989_Aventuras_AD_es_cr_Jorge_Jose_Maria_meta.sqlite' event='skipping_non_artifact_source' logger='daad_harvester.discover' level='info' timestamp='2026-08-19T10:55:16.152748Z'
url='https://archive.org/download/Jabato_1989_Aventuras_AD_es_cr_Jorge_Jose_Maria/Jabato_1989_Aventuras_AD_es_cr_Jorge_Jose_Maria_meta.xml' event='skipping_non_artifact_source' logger='daad_harvester.discover' level='info' timestamp='2026-08-19T10:55:16.152813Z'
url='https://archive.org/download/Jabato_1989_Aventuras_AD_es_cr_Jorge_Jose_Maria/Jabato_1989_Aventuras_AD_es_cr_Jorge_Jose_Maria_screenshot.png' event='skipping_non_artifact_source' logger='daad_harvester.discover' level='info' timestamp='2026-08-19T10:55:16.152872Z'
url='https://archive.org/download/Jabato_1989_Aventuras_AD_es_cr_Jorge_Jose_Maria/Jabato_1989_Aventuras_AD_es_cr_Jorge__Jose_Maria.dsk' tier='archive' title='Jabato' event='discovered_source' logger='daad_harvester.discover' level='info' timestamp='2026-08-19T10:55:16.154323Z'
url='https://archive.org/download/Jabato_1989_Aventuras_AD_es_cr_Jorge_Jose_Maria/__ia_thumb.jpg' event='skipping_non_artifact_source' logger='daad_harvester.discover' level='info' timestamp='2026-08-19T10:55:16.154550Z'
url='https://archive.org/metadata/Diosa_de_Cozumel_1990_Aventuras_AD_es_cr_ASS' attempt=1 event='fetching_discovery_url' logger='daad_harvester.discover' level='info' timestamp='2026-08-19T10:55:16.154655Z'
HTTP Request: GET https://worldofspectrum.org/archive/software/text-adventures/evolucion-aventuras-ad-sa "HTTP/1.1 200 OK"
url='https://worldofspectrum.org/archive/software/text-adventures/jabato-aventuras-ad-sa' attempt=1 event='fetching_discovery_url' logger='daad_harvester.discover' level='info' timestamp='2026-08-19T10:55:16.449468Z'
url='https://plus4world.powweb.com/software/The_Mystery_of_Markham_Manor' attempt=1 event='fetching_discovery_url' logger='daad_harvester.discover' level='info' timestamp='2026-08-19T10:55:16.455944Z'
HTTP Request: GET https://toni-hernandez.itch.io/karhum "HTTP/1.1 200 OK"
url='https://toni-hernandez.itch.io' event='skipping_non_artifact_source' logger='daad_harvester.discover' level='info' timestamp='2026-08-19T10:55:16.740744Z'
url='https://itch.io/login?return_to=https%3A%2F%2Ftoni-hernandez.itch.io%2Fkarhum&intent=follow_user' event='skipping_non_artifact_source' logger='daad_harvester.discover' level='info' timestamp='2026-08-19T10:55:16.740932Z'
url='https://itch.io/login?return_to=https%3A%2F%2Ftoni-hernandez.itch.io%2Fkarhum&intent=add_to_collection' event='skipping_non_artifact_source' logger='daad_harvester.discover' level='info' timestamp='2026-08-19T10:55:16.741071Z'
url='https://toni-hernandez.itch.io/karhum#comments' event='skipping_non_artifact_source' logger='daad_harvester.discover' level='info' timestamp='2026-08-19T10:55:16.741145Z'
url='https://itch.io/games-like/2571747/karhum' event='skipping_non_artifact_source' logger='daad_harvester.discover' level='info' timestamp='2026-08-19T10:55:16.741212Z'
url='javascript:void(0)' event='skipping_non_artifact_source' logger='daad_harvester.discover' level='info' timestamp='2026-08-19T10:55:16.741264Z'
url='https://itch.io/games/released' event='skipping_non_artifact_source' logger='daad_harvester.discover' level='info' timestamp='2026-08-19T10:55:16.741321Z'
url='https://toni-hernandez.itch.io' event='skipping_non_artifact_source' logger='daad_harvester.discover' level='info' timestamp='2026-08-19T10:55:16.741369Z'
url='https://itch.io/games/genre-adventure' event='skipping_non_artifact_source' logger='daad_harvester.discover' level='info' timestamp='2026-08-19T10:55:16.741449Z'
url='https://itch.io/games/tag-8-bit' event='skipping_non_artifact_source' logger='daad_harvester.discover' level='info' timestamp='2026-08-19T10:55:16.741514Z'
url='https://itch.io/games/tag-amstrad-cpc' event='skipping_non_artifact_source' logger='daad_harvester.discover' level='info' timestamp='2026-08-19T10:55:16.741569Z'
url='https://itch.io/games/tag-aventura' event='skipping_non_artifact_source' logger='daad_harvester.discover' level='info' timestamp='2026-08-19T10:55:16.741622Z'
url='https://itch.io/games/tag-daad' event='skipping_non_artifact_source' logger='daad_harvester.discover' level='info' timestamp='2026-08-19T10:55:16.741674Z'
url='https://itch.io/games/tag-indie' event='skipping_non_artifact_source' logger='daad_harvester.discover' level='info' timestamp='2026-08-19T10:55:16.741727Z'
url='javascript:void(0);' event='skipping_non_artifact_source' logger='daad_harvester.discover' level='info' timestamp='2026-08-19T10:55:16.741772Z'
url='https://itch.io/login?return_to=https%3A%2F%2Ftoni-hernandez.itch.io%2Fkarhum' event='skipping_non_artifact_source' logger='daad_harvester.discover' level='info' timestamp='2026-08-19T10:55:16.741830Z'
url='https://img.itch.zone/aW1hZ2UvMjU3MTc0Ny8xNTMwNzA4Mi5wbmc=/original/qgwpb4.png' event='skipping_non_artifact_source' logger='daad_harvester.discover' level='info' timestamp='2026-08-19T10:55:16.741925Z'
url='https://img.itch.zone/aW1hZ2UvMjU3MTc0Ny8xNTMwNzA4OS5wbmc=/original/hMaL32.png' event='skipping_non_artifact_source' logger='daad_harvester.discover' level='info' timestamp='2026-08-19T10:55:16.741982Z'
url='https://img.itch.zone/aW1hZ2UvMjU3MTc0Ny8xNTMwNzA5MS5wbmc=/original/2NoYDh.png' event='skipping_non_artifact_source' logger='daad_harvester.discover' level='info' timestamp='2026-08-19T10:55:16.742035Z'
url='https://img.itch.zone/aW1hZ2UvMjU3MTc0Ny8xNTMwNzA5Mi5wbmc=/original/LqxKvy.png' event='skipping_non_artifact_source' logger='daad_harvester.discover' level='info' timestamp='2026-08-19T10:55:16.742098Z'
url='https://itch.io/' event='skipping_non_artifact_source' logger='daad_harvester.discover' level='info' timestamp='2026-08-19T10:55:16.742155Z'
url='https://itch.io/' event='skipping_non_artifact_source' logger='daad_harvester.discover' level='info' timestamp='2026-08-19T10:55:16.742203Z'
url='https://toni-hernandez.itch.io' event='skipping_non_artifact_source' logger='daad_harvester.discover' level='info' timestamp='2026-08-19T10:55:16.742258Z'
url='javascript:void(0);' event='skipping_non_artifact_source' logger='daad_harvester.discover' level='info' timestamp='2026-08-19T10:55:16.742296Z'
url='javascript:void(0);' event='skipping_non_artifact_source' logger='daad_harvester.discover' level='info' timestamp='2026-08-19T10:55:16.742337Z'
url='https://itch.io/games' event='skipping_non_artifact_source' logger='daad_harvester.discover' level='info' timestamp='2026-08-19T10:55:16.742389Z'
url='https://itch.io/games/genre-adventure' event='skipping_non_artifact_source' logger='daad_harvester.discover' level='info' timestamp='2026-08-19T10:55:16.742456Z'
url='https://itch.io/games/free' event='skipping_non_artifact_source' logger='daad_harvester.discover' level='info' timestamp='2026-08-19T10:55:16.742523Z'
url='https://zartan917.itch.io/terror-by-night-v' attempt=1 event='fetching_discovery_url' logger='daad_harvester.discover' level='info' timestamp='2026-08-19T10:55:16.742636Z'
HTTP Request: GET https://plus4world.powweb.com/software/The_Mystery_of_Markham_Manor "HTTP/1.1 200 OK"
url='https://plus4world.powweb.com/home' event='skipping_non_artifact_source' logger='daad_harvester.discover' level='info' timestamp='2026-08-19T10:55:17.074192Z'
url='https://plus4world.powweb.com/search' event='skipping_non_artifact_source' logger='daad_harvester.discover' level='info' timestamp='2026-08-19T10:55:17.074582Z'
url='https://plus4world.powweb.com/games' event='skipping_non_artifact_source' logger='daad_harvester.discover' level='info' timestamp='2026-08-19T10:55:17.074663Z'
url='https://plus4world.powweb.com/tapes' event='skipping_non_artifact_source' logger='daad_harvester.discover' level='info' timestamp='2026-08-19T10:55:17.074724Z'
url='https://plus4world.powweb.com/covers' event='skipping_non_artifact_source' logger='daad_harvester.discover' level='info' timestamp='2026-08-19T10:55:17.074780Z'
url='https://plus4world.powweb.com/cheats' event='skipping_non_artifact_source' logger='daad_harvester.discover' level='info' timestamp='2026-08-19T10:55:17.074834Z'
url='https://plus4world.powweb.com/maps' event='skipping_non_artifact_source' logger='daad_harvester.discover' level='info' timestamp='2026-08-19T10:55:17.074889Z'
url='https://plus4world.powweb.com/sl/100' event='skipping_non_artifact_source' logger='daad_harvester.discover' level='info' timestamp='2026-08-19T10:55:17.074944Z'
url='https://plus4world.powweb.com/newstuff' event='skipping_non_artifact_source' logger='daad_harvester.discover' level='info' timestamp='2026-08-19T10:55:17.075000Z'
url='https://plus4world.powweb.com/halloffame' event='skipping_non_artifact_source' logger='daad_harvester.discover' level='info' timestamp='2026-08-19T10:55:17.075066Z'
url='https://plus4world.powweb.com/hvtc' event='skipping_non_artifact_source' logger='daad_harvester.discover' level='info' timestamp='2026-08-19T10:55:17.075123Z'
url='https://plus4world.powweb.com/gameendings' event='skipping_non_artifact_source' logger='daad_harvester.discover' level='info' timestamp='2026-08-19T10:55:17.075183Z'
url='https://plus4world.powweb.com/solutions' event='skipping_non_artifact_source' logger='daad_harvester.discover' level='info' timestamp='2026-08-19T10:55:17.075234Z'
url='https://plus4world.powweb.com/remakes' event='skipping_non_artifact_source' logger='daad_harvester.discover' level='info' timestamp='2026-08-19T10:55:17.075292Z'
url='https://plus4world.powweb.com/publications' event='skipping_non_artifact_source' logger='daad_harvester.discover' level='info' timestamp='2026-08-19T10:55:17.075344Z'
url='https://plus4world.powweb.com/mags' event='skipping_non_artifact_source' logger='daad_harvester.discover' level='info' timestamp='2026-08-19T10:55:17.075396Z'
url='https://plus4world.powweb.com/effects' event='skipping_non_artifact_source' logger='daad_harvester.discover' level='info' timestamp='2026-08-19T10:55:17.075478Z'
url='https://plus4world.powweb.com/toplist' event='skipping_non_artifact_source' logger='daad_harvester.discover' level='info' timestamp='2026-08-19T10:55:17.075549Z'
url='https://plus4world.powweb.com/members' event='skipping_non_artifact_source' logger='daad_harvester.discover' level='info' timestamp='2026-08-19T10:55:17.075605Z'
url='https://plus4world.powweb.com/groups' event='skipping_non_artifact_source' logger='daad_harvester.discover' level='info' timestamp='2026-08-19T10:55:17.075661Z'
url='https://plus4world.powweb.com/features' event='skipping_non_artifact_source' logger='daad_harvester.discover' level='info' timestamp='2026-08-19T10:55:17.075715Z'
url='https://plus4world.powweb.com/features/upload' event='skipping_non_artifact_source' logger='daad_harvester.discover' level='info' timestamp='2026-08-19T10:55:17.075771Z'
url='https://plus4world.powweb.com/plus4encyclopedia' event='skipping_non_artifact_source' logger='daad_harvester.discover' level='info' timestamp='2026-08-19T10:55:17.075826Z'
url='https://plus4world.powweb.com/hardware' event='skipping_non_artifact_source' logger='daad_harvester.discover' level='info' timestamp='2026-08-19T10:55:17.075878Z'
url='https://plus4world.powweb.com/tools' event='skipping_non_artifact_source' logger='daad_harvester.discover' level='info' timestamp='2026-08-19T10:55:17.075930Z'
url='https://plus4world.powweb.com/options' event='skipping_non_artifact_source' logger='daad_harvester.discover' level='info' timestamp='2026-08-19T10:55:17.075983Z'
url='https://plus4world.powweb.com/forum#pagetop' event='skipping_non_artifact_source' logger='daad_harvester.discover' level='info' timestamp='2026-08-19T10:55:17.076039Z'
url='https://plus4world.powweb.com/home' event='skipping_non_artifact_source' logger='daad_harvester.discover' level='info' timestamp='2026-08-19T10:55:17.076100Z'
url='https://plus4world.powweb.com/search' event='skipping_non_artifact_source' logger='daad_harvester.discover' level='info' timestamp='2026-08-19T10:55:17.076149Z'
url='https://plus4world.powweb.com/games' event='skipping_non_artifact_source' logger='daad_harvester.discover' level='info' timestamp='2026-08-19T10:55:17.076194Z'
url='https://plus4world.powweb.com/tapes' event='skipping_non_artifact_source' logger='daad_harvester.discover' level='info' timestamp='2026-08-19T10:55:17.076241Z'
url='https://plus4world.powweb.com/covers' event='skipping_non_artifact_source' logger='daad_harvester.discover' level='info' timestamp='2026-08-19T10:55:17.076286Z'
url='https://plus4world.powweb.com/cheats' event='skipping_non_artifact_source' logger='daad_harvester.discover' level='info' timestamp='2026-08-19T10:55:17.076330Z'
url='https://plus4world.powweb.com/maps' event='skipping_non_artifact_source' logger='daad_harvester.discover' level='info' timestamp='2026-08-19T10:55:17.076373Z'
url='https://plus4world.powweb.com/sl/100' event='skipping_non_artifact_source' logger='daad_harvester.discover' level='info' timestamp='2026-08-19T10:55:17.076418Z'
url='https://plus4world.powweb.com/newstuff' event='skipping_non_artifact_source' logger='daad_harvester.discover' level='info' timestamp='2026-08-19T10:55:17.076494Z'
url='https://plus4world.powweb.com/halloffame' event='skipping_non_artifact_source' logger='daad_harvester.discover' level='info' timestamp='2026-08-19T10:55:17.076542Z'
url='https://plus4world.powweb.com/hvtc' event='skipping_non_artifact_source' logger='daad_harvester.discover' level='info' timestamp='2026-08-19T10:55:17.076588Z'
url='https://plus4world.powweb.com/gameendings' event='skipping_non_artifact_source' logger='daad_harvester.discover' level='info' timestamp='2026-08-19T10:55:17.076633Z'
url='https://plus4world.powweb.com/solutions' event='skipping_non_artifact_source' logger='daad_harvester.discover' level='info' timestamp='2026-08-19T10:55:17.076677Z'
url='https://plus4world.powweb.com/remakes' event='skipping_non_artifact_source' logger='daad_harvester.discover' level='info' timestamp='2026-08-19T10:55:17.076722Z'
url='https://plus4world.powweb.com/publications' event='skipping_non_artifact_source' logger='daad_harvester.discover' level='info' timestamp='2026-08-19T10:55:17.076767Z'
url='https://plus4world.powweb.com/mags' event='skipping_non_artifact_source' logger='daad_harvester.discover' level='info' timestamp='2026-08-19T10:55:17.076815Z'
url='https://plus4world.powweb.com/effects' event='skipping_non_artifact_source' logger='daad_harvester.discover' level='info' timestamp='2026-08-19T10:55:17.076859Z'
url='https://plus4world.powweb.com/toplist' event='skipping_non_artifact_source' logger='daad_harvester.discover' level='info' timestamp='2026-08-19T10:55:17.076904Z'
url='https://plus4world.powweb.com/members' event='skipping_non_artifact_source' logger='daad_harvester.discover' level='info' timestamp='2026-08-19T10:55:17.076946Z'
url='https://plus4world.powweb.com/groups' event='skipping_non_artifact_source' logger='daad_harvester.discover' level='info' timestamp='2026-08-19T10:55:17.077060Z'
url='https://plus4world.powweb.com/features' event='skipping_non_artifact_source' logger='daad_harvester.discover' level='info' timestamp='2026-08-19T10:55:17.077134Z'
url='https://plus4world.powweb.com/features/upload' event='skipping_non_artifact_source' logger='daad_harvester.discover' level='info' timestamp='2026-08-19T10:55:17.077184Z'
url='https://plus4world.powweb.com/plus4encyclopedia' event='skipping_non_artifact_source' logger='daad_harvester.discover' level='info' timestamp='2026-08-19T10:55:17.077235Z'
url='https://plus4world.powweb.com/hardware' event='skipping_non_artifact_source' logger='daad_harvester.discover' level='info' timestamp='2026-08-19T10:55:17.077293Z'
url='https://plus4world.powweb.com/tools' event='skipping_non_artifact_source' logger='daad_harvester.discover' level='info' timestamp='2026-08-19T10:55:17.077352Z'
url='https://plus4world.powweb.com/options' event='skipping_non_artifact_source' logger='daad_harvester.discover' level='info' timestamp='2026-08-19T10:55:17.077405Z'
url='https://plus4world.powweb.com/forum#pagetop' event='skipping_non_artifact_source' logger='daad_harvester.discover' level='info' timestamp='2026-08-19T10:55:17.077483Z'
url='https://plus4world.powweb.com/login.php' event='skipping_non_artifact_source' logger='daad_harvester.discover' level='info' timestamp='2026-08-19T10:55:17.077596Z'
url='https://plus4world.powweb.com/series/Sam_Boon_Adventures' event='skipping_non_artifact_source' logger='daad_harvester.discover' level='info' timestamp='2026-08-19T10:55:17.077667Z'
url='https://plus4world.powweb.com/software/The_Dragnet_Case' event='skipping_non_artifact_source' logger='daad_harvester.discover' level='info' timestamp='2026-08-19T10:55:17.077732Z'
url='https://plus4world.powweb.com/software/A_Case_Of_Murder' event='skipping_non_artifact_source' logger='daad_harvester.discover' level='info' timestamp='2026-08-19T10:55:17.077787Z'
url='https://plus4world.powweb.com/sl/102' event='skipping_non_artifact_source' logger='daad_harvester.discover' level='info' timestamp='2026-08-19T10:55:17.077852Z'
url='https://plus4world.powweb.com/sl/2023' event='skipping_non_artifact_source' logger='daad_harvester.discover' level='info' timestamp='2026-08-19T10:55:17.077924Z'
url='https://plus4world.powweb.com/play/the_mystery_of_markham_manor_zip' event='skipping_non_artifact_source' logger='daad_harvester.discover' level='info' timestamp='2026-08-19T10:55:17.078027Z'
url='https://plus4world.powweb.com/members/EdToo' event='skipping_non_artifact_source' logger='daad_harvester.discover' level='info' timestamp='2026-08-19T10:55:17.078109Z'
url='https://plus4world.powweb.com/software/The_Dragnet_Case' event='skipping_non_artifact_source' logger='daad_harvester.discover' level='info' timestamp='2026-08-19T10:55:17.078161Z'
url='https://plus4world.powweb.com/dl/games/t/the_mystery_of_markham_manor.zip' tier='archive' title='The Mystery of Markham Manor' event='discovered_source' logger='daad_harvester.discover' level='info' timestamp='2026-08-19T10:55:17.079215Z'
url='https://plus4world.powweb.com/dl/games/t/the_mystery_of_markham_manor.zip' event='skipping_duplicate_source' logger='daad_harvester.discover' level='info' timestamp='2026-08-19T10:55:17.079343Z'
url='http://c64.rulez.org/pub/plus4/Games/t/The_Mystery_Of_Markham_Manor.zip' tier='archive' title='The Mystery of Markham Manor' event='discovered_source' logger='daad_harvester.discover' level='info' timestamp='2026-08-19T10:55:17.080239Z'
url='http://c64.rulez.org/pub/plus4/Games/t/The_Mystery_Of_Markham_Manor.zip' event='skipping_duplicate_source' logger='daad_harvester.discover' level='info' timestamp='2026-08-19T10:55:17.080339Z'
url='http://plus4.othersi.de/plus4/Games/t/The_Mystery_Of_Markham_Manor.zip' tier='archive' title='The Mystery of Markham Manor' event='discovered_source' logger='daad_harvester.discover' level='info' timestamp='2026-08-19T10:55:17.081456Z'
url='http://plus4.othersi.de/plus4/Games/t/The_Mystery_Of_Markham_Manor.zip' event='skipping_duplicate_source' logger='daad_harvester.discover' level='info' timestamp='2026-08-19T10:55:17.081592Z'
url='http://www.zimmers.net/anonftp/pub/cbm/plus4/Games/misc/t/The_Mystery_Of_Markham_Manor.d64.gz' tier='archive' title='The Mystery of Markham Manor' event='discovered_source' logger='daad_harvester.discover' level='info' timestamp='2026-08-19T10:55:17.082511Z'
url='http://www.zimmers.net/anonftp/pub/cbm/plus4/Games/misc/t/The_Mystery_Of_Markham_Manor.d64.gz' event='skipping_duplicate_source' logger='daad_harvester.discover' level='info' timestamp='2026-08-19T10:55:17.082628Z'
url='https://plus4world.powweb.com/software/The_Mystery_of_Markham_Manor' event='skipping_non_artifact_source' logger='daad_harvester.discover' level='info' timestamp='2026-08-19T10:55:17.082688Z'
url='https://taskmastersoftware.itch.io/the-mystery-of-markham-manor' event='skipping_non_artifact_source' logger='daad_harvester.discover' level='info' timestamp='2026-08-19T10:55:17.082755Z'
url='https://www.lemon64.com/game/mystery-of-markham-manor' event='skipping_non_artifact_source' logger='daad_harvester.discover' level='info' timestamp='2026-08-19T10:55:17.082819Z'
url='https://plus4world.powweb.com/publications/Zzap_8_93' event='skipping_non_artifact_source' logger='daad_harvester.discover' level='info' timestamp='2026-08-19T10:55:17.082879Z'
url='https://patreon.com/plus4world' event='skipping_non_artifact_source' logger='daad_harvester.discover' level='info' timestamp='2026-08-19T10:55:17.082937Z'
HTTP Request: GET https://archive.org/metadata/Diosa_de_Cozumel_1990_Aventuras_AD_es_cr_ASS "HTTP/1.1 200 OK"
url='https://archive.org/download/Diosa_de_Cozumel_1990_Aventuras_AD_es_cr_ASS/00_coverscreenshot.png' event='skipping_non_artifact_source' logger='daad_harvester.discover' level='info' timestamp='2026-08-19T10:55:17.285944Z'
url='https://archive.org/download/Diosa_de_Cozumel_1990_Aventuras_AD_es_cr_ASS/00_coverscreenshot_thumb.jpg' event='skipping_non_artifact_source' logger='daad_harvester.discover' level='info' timestamp='2026-08-19T10:55:17.286063Z'
url='https://archive.org/download/Diosa_de_Cozumel_1990_Aventuras_AD_es_cr_ASS/Diosa_de_Cozumel_1990_Aventuras_AD_es_cr_ASS.d64' tier='archive' title='Cozumel' event='discovered_source' logger='daad_harvester.discover' level='info' timestamp='2026-08-19T10:55:17.287315Z'
url='https://archive.org/download/Diosa_de_Cozumel_1990_Aventuras_AD_es_cr_ASS/Diosa_de_Cozumel_1990_Aventuras_AD_es_cr_ASS_archive.torrent' event='skipping_non_artifact_source' logger='daad_harvester.discover' level='info' timestamp='2026-08-19T10:55:17.287506Z'
url='https://archive.org/download/Diosa_de_Cozumel_1990_Aventuras_AD_es_cr_ASS/Diosa_de_Cozumel_1990_Aventuras_AD_es_cr_ASS_files.xml' event='skipping_non_artifact_source' logger='daad_harvester.discover' level='info' timestamp='2026-08-19T10:55:17.287575Z'
url='https://archive.org/download/Diosa_de_Cozumel_1990_Aventuras_AD_es_cr_ASS/Diosa_de_Cozumel_1990_Aventuras_AD_es_cr_ASS_meta.sqlite' event='skipping_non_artifact_source' logger='daad_harvester.discover' level='info' timestamp='2026-08-19T10:55:17.287629Z'
url='https://archive.org/download/Diosa_de_Cozumel_1990_Aventuras_AD_es_cr_ASS/Diosa_de_Cozumel_1990_Aventuras_AD_es_cr_ASS_meta.xml' event='skipping_non_artifact_source' logger='daad_harvester.discover' level='info' timestamp='2026-08-19T10:55:17.287679Z'
url='https://archive.org/download/Diosa_de_Cozumel_1990_Aventuras_AD_es_cr_ASS/Diosa_de_Cozumel_1990_Aventuras_AD_es_cr_ASS_screenshot.gif' event='skipping_non_artifact_source' logger='daad_harvester.discover' level='info' timestamp='2026-08-19T10:55:17.287730Z'
url='https://archive.org/download/Diosa_de_Cozumel_1990_Aventuras_AD_es_cr_ASS/__ia_thumb.jpg' event='skipping_non_artifact_source' logger='daad_harvester.discover' level='info' timestamp='2026-08-19T10:55:17.287774Z'
url='https://archive.org/download/Diosa_de_Cozumel_1990_Aventuras_AD_es_cr_ASS/screenshot_00.png' event='skipping_non_artifact_source' logger='daad_harvester.discover' level='info' timestamp='2026-08-19T10:55:17.287820Z'
url='https://archive.org/download/Diosa_de_Cozumel_1990_Aventuras_AD_es_cr_ASS/screenshot_00_thumb.jpg' event='skipping_non_artifact_source' logger='daad_harvester.discover' level='info' timestamp='2026-08-19T10:55:17.287863Z'
url='https://archive.org/download/Diosa_de_Cozumel_1990_Aventuras_AD_es_cr_ASS/screenshot_01.png' event='skipping_non_artifact_source' logger='daad_harvester.discover' level='info' timestamp='2026-08-19T10:55:17.287905Z'
url='https://archive.org/download/Diosa_de_Cozumel_1990_Aventuras_AD_es_cr_ASS/screenshot_01_thumb.jpg' event='skipping_non_artifact_source' logger='daad_harvester.discover' level='info' timestamp='2026-08-19T10:55:17.287946Z'
url='https://archive.org/download/Diosa_de_Cozumel_1990_Aventuras_AD_es_cr_ASS/screenshot_02.png' event='skipping_non_artifact_source' logger='daad_harvester.discover' level='info' timestamp='2026-08-19T10:55:17.287987Z'
url='https://archive.org/download/Diosa_de_Cozumel_1990_Aventuras_AD_es_cr_ASS/screenshot_02_thumb.jpg' event='skipping_non_artifact_source' logger='daad_harvester.discover' level='info' timestamp='2026-08-19T10:55:17.288036Z'
url='https://archive.org/download/Diosa_de_Cozumel_1990_Aventuras_AD_es_cr_ASS/screenshot_03.png' event='skipping_non_artifact_source' logger='daad_harvester.discover' level='info' timestamp='2026-08-19T10:55:17.288091Z'
url='https://archive.org/download/Diosa_de_Cozumel_1990_Aventuras_AD_es_cr_ASS/screenshot_03_thumb.jpg' event='skipping_non_artifact_source' logger='daad_harvester.discover' level='info' timestamp='2026-08-19T10:55:17.288135Z'
url='https://archive.org/download/Diosa_de_Cozumel_1990_Aventuras_AD_es_cr_ASS/screenshot_04.png' event='skipping_non_artifact_source' logger='daad_harvester.discover' level='info' timestamp='2026-08-19T10:55:17.288176Z'
url='https://archive.org/download/Diosa_de_Cozumel_1990_Aventuras_AD_es_cr_ASS/screenshot_04_thumb.jpg' event='skipping_non_artifact_source' logger='daad_harvester.discover' level='info' timestamp='2026-08-19T10:55:17.288217Z'
url='https://archive.org/download/Diosa_de_Cozumel_1990_Aventuras_AD_es_cr_ASS/screenshot_05.png' event='skipping_non_artifact_source' logger='daad_harvester.discover' level='info' timestamp='2026-08-19T10:55:17.288257Z'
url='https://archive.org/download/Diosa_de_Cozumel_1990_Aventuras_AD_es_cr_ASS/screenshot_05_thumb.jpg' event='skipping_non_artifact_source' logger='daad_harvester.discover' level='info' timestamp='2026-08-19T10:55:17.288299Z'
url='https://archive.org/metadata/Ci-U-Than_Trilogy_II_Los_Templos_Sagrados_1991_Aventuras_AD_es_cpm_version' attempt=1 event='fetching_discovery_url' logger='daad_harvester.discover' level='info' timestamp='2026-08-19T10:55:17.288372Z'
url='https://plus4world.powweb.com/software/The_Search_For_The_Nether_Regions' attempt=1 event='fetching_discovery_url' logger='daad_harvester.discover' level='info' timestamp='2026-08-19T10:55:17.455876Z'
HTTP Request: GET https://worldofspectrum.org/archive/software/text-adventures/jabato-aventuras-ad-sa "HTTP/1.1 200 OK"
url='https://www.worldofspectrum.org//pub/sinclair/games/j/Jabato.dsk.zip' tier='archive' title='Jabato' event='discovered_source' logger='daad_harvester.discover' level='info' timestamp='2026-08-19T10:55:17.639057Z'
url='https://www.worldofspectrum.org//pub/sinclair/games/j/Jabato.tzx.zip' tier='archive' title='Jabato' event='discovered_source' logger='daad_harvester.discover' level='info' timestamp='2026-08-19T10:55:17.640109Z'
url='https://worldofspectrum.org/archive/software/text-adventures/jaime-i-el-conquistador-aventuras-ad-sa' attempt=1 event='fetching_discovery_url' logger='daad_harvester.discover' level='info' timestamp='2026-08-19T10:55:17.640673Z'
HTTP Request: GET https://plus4world.powweb.com/software/The_Search_For_The_Nether_Regions "HTTP/1.1 200 OK"
url='https://plus4world.powweb.com/home' event='skipping_non_artifact_source' logger='daad_harvester.discover' level='info' timestamp='2026-08-19T10:55:17.813955Z'
url='https://plus4world.powweb.com/search' event='skipping_non_artifact_source' logger='daad_harvester.discover' level='info' timestamp='2026-08-19T10:55:17.815242Z'
url='https://plus4world.powweb.com/games' event='skipping_non_artifact_source' logger='daad_harvester.discover' level='info' timestamp='2026-08-19T10:55:17.815333Z'
url='https://plus4world.powweb.com/tapes' event='skipping_non_artifact_source' logger='daad_harvester.discover' level='info' timestamp='2026-08-19T10:55:17.815410Z'
url='https://plus4world.powweb.com/covers' event='skipping_non_artifact_source' logger='daad_harvester.discover' level='info' timestamp='2026-08-19T10:55:17.815530Z'
url='https://plus4world.powweb.com/cheats' event='skipping_non_artifact_source' logger='daad_harvester.discover' level='info' timestamp='2026-08-19T10:55:17.815613Z'
url='https://plus4world.powweb.com/maps' event='skipping_non_artifact_source' logger='daad_harvester.discover' level='info' timestamp='2026-08-19T10:55:17.815677Z'
url='https://plus4world.powweb.com/sl/100' event='skipping_non_artifact_source' logger='daad_harvester.discover' level='info' timestamp='2026-08-19T10:55:17.815747Z'
url='https://plus4world.powweb.com/newstuff' event='skipping_non_artifact_source' logger='daad_harvester.discover' level='info' timestamp='2026-08-19T10:55:17.815820Z'
url='https://plus4world.powweb.com/halloffame' event='skipping_non_artifact_source' logger='daad_harvester.discover' level='info' timestamp='2026-08-19T10:55:17.815889Z'
url='https://plus4world.powweb.com/hvtc' event='skipping_non_artifact_source' logger='daad_harvester.discover' level='info' timestamp='2026-08-19T10:55:17.815959Z'
url='https://plus4world.powweb.com/gameendings' event='skipping_non_artifact_source' logger='daad_harvester.discover' level='info' timestamp='2026-08-19T10:55:17.816030Z'
url='https://plus4world.powweb.com/solutions' event='skipping_non_artifact_source' logger='daad_harvester.discover' level='info' timestamp='2026-08-19T10:55:17.816103Z'
url='https://plus4world.powweb.com/remakes' event='skipping_non_artifact_source' logger='daad_harvester.discover' level='info' timestamp='2026-08-19T10:55:17.816170Z'
url='https://plus4world.powweb.com/publications' event='skipping_non_artifact_source' logger='daad_harvester.discover' level='info' timestamp='2026-08-19T10:55:17.816239Z'
url='https://plus4world.powweb.com/mags' event='skipping_non_artifact_source' logger='daad_harvester.discover' level='info' timestamp='2026-08-19T10:55:17.816308Z'
url='https://plus4world.powweb.com/effects' event='skipping_non_artifact_source' logger='daad_harvester.discover' level='info' timestamp='2026-08-19T10:55:17.816375Z'
url='https://plus4world.powweb.com/toplist' event='skipping_non_artifact_source' logger='daad_harvester.discover' level='info' timestamp='2026-08-19T10:55:17.816477Z'
url='https://plus4world.powweb.com/members' event='skipping_non_artifact_source' logger='daad_harvester.discover' level='info' timestamp='2026-08-19T10:55:17.816568Z'
url='https://plus4world.powweb.com/groups' event='skipping_non_artifact_source' logger='daad_harvester.discover' level='info' timestamp='2026-08-19T10:55:17.816643Z'
url='https://plus4world.powweb.com/features' event='skipping_non_artifact_source' logger='daad_harvester.discover' level='info' timestamp='2026-08-19T10:55:17.816773Z'
url='https://plus4world.powweb.com/features/upload' event='skipping_non_artifact_source' logger='daad_harvester.discover' level='info' timestamp='2026-08-19T10:55:17.817099Z'
url='https://plus4world.powweb.com/plus4encyclopedia' event='skipping_non_artifact_source' logger='daad_harvester.discover' level='info' timestamp='2026-08-19T10:55:17.817236Z'
url='https://plus4world.powweb.com/hardware' event='skipping_non_artifact_source' logger='daad_harvester.discover' level='info' timestamp='2026-08-19T10:55:17.817346Z'
url='https://plus4world.powweb.com/tools' event='skipping_non_artifact_source' logger='daad_harvester.discover' level='info' timestamp='2026-08-19T10:55:17.817406Z'
url='https://plus4world.powweb.com/options' event='skipping_non_artifact_source' logger='daad_harvester.discover' level='info' timestamp='2026-08-19T10:55:17.817495Z'
url='https://plus4world.powweb.com/forum#pagetop' event='skipping_non_artifact_source' logger='daad_harvester.discover' level='info' timestamp='2026-08-19T10:55:17.817566Z'
url='https://plus4world.powweb.com/home' event='skipping_non_artifact_source' logger='daad_harvester.discover' level='info' timestamp='2026-08-19T10:55:17.817617Z'
url='https://plus4world.powweb.com/search' event='skipping_non_artifact_source' logger='daad_harvester.discover' level='info' timestamp='2026-08-19T10:55:17.817662Z'
url='https://plus4world.powweb.com/games' event='skipping_non_artifact_source' logger='daad_harvester.discover' level='info' timestamp='2026-08-19T10:55:17.817707Z'
url='https://plus4world.powweb.com/tapes' event='skipping_non_artifact_source' logger='daad_harvester.discover' level='info' timestamp='2026-08-19T10:55:17.817751Z'
url='https://plus4world.powweb.com/covers' event='skipping_non_artifact_source' logger='daad_harvester.discover' level='info' timestamp='2026-08-19T10:55:17.817798Z'
url='https://plus4world.powweb.com/cheats' event='skipping_non_artifact_source' logger='daad_harvester.discover' level='info' timestamp='2026-08-19T10:55:17.817844Z'
url='https://plus4world.powweb.com/maps' event='skipping_non_artifact_source' logger='daad_harvester.discover' level='info' timestamp='2026-08-19T10:55:17.817889Z'
url='https://plus4world.powweb.com/sl/100' event='skipping_non_artifact_source' logger='daad_harvester.discover' level='info' timestamp='2026-08-19T10:55:17.817944Z'
url='https://plus4world.powweb.com/newstuff' event='skipping_non_artifact_source' logger='daad_harvester.discover' level='info' timestamp='2026-08-19T10:55:17.818002Z'
url='https://plus4world.powweb.com/halloffame' event='skipping_non_artifact_source' logger='daad_harvester.discover' level='info' timestamp='2026-08-19T10:55:17.818059Z'
url='https://plus4world.powweb.com/hvtc' event='skipping_non_artifact_source' logger='daad_harvester.discover' level='info' timestamp='2026-08-19T10:55:17.818142Z'
url='https://plus4world.powweb.com/gameendings' event='skipping_non_artifact_source' logger='daad_harvester.discover' level='info' timestamp='2026-08-19T10:55:17.818207Z'
url='https://plus4world.powweb.com/solutions' event='skipping_non_artifact_source' logger='daad_harvester.discover' level='info' timestamp='2026-08-19T10:55:17.818264Z'
url='https://plus4world.powweb.com/remakes' event='skipping_non_artifact_source' logger='daad_harvester.discover' level='info' timestamp='2026-08-19T10:55:17.818318Z'
url='https://plus4world.powweb.com/publications' event='skipping_non_artifact_source' logger='daad_harvester.discover' level='info' timestamp='2026-08-19T10:55:17.818373Z'
url='https://plus4world.powweb.com/mags' event='skipping_non_artifact_source' logger='daad_harvester.discover' level='info' timestamp='2026-08-19T10:55:17.818417Z'
url='https://plus4world.powweb.com/effects' event='skipping_non_artifact_source' logger='daad_harvester.discover' level='info' timestamp='2026-08-19T10:55:17.818501Z'
url='https://plus4world.powweb.com/toplist' event='skipping_non_artifact_source' logger='daad_harvester.discover' level='info' timestamp='2026-08-19T10:55:17.818557Z'
url='https://plus4world.powweb.com/members' event='skipping_non_artifact_source' logger='daad_harvester.discover' level='info' timestamp='2026-08-19T10:55:17.818605Z'
url='https://plus4world.powweb.com/groups' event='skipping_non_artifact_source' logger='daad_harvester.discover' level='info' timestamp='2026-08-19T10:55:17.818661Z'
url='https://plus4world.powweb.com/features' event='skipping_non_artifact_source' logger='daad_harvester.discover' level='info' timestamp='2026-08-19T10:55:17.818705Z'
url='https://plus4world.powweb.com/features/upload' event='skipping_non_artifact_source' logger='daad_harvester.discover' level='info' timestamp='2026-08-19T10:55:17.818750Z'
url='https://plus4world.powweb.com/plus4encyclopedia' event='skipping_non_artifact_source' logger='daad_harvester.discover' level='info' timestamp='2026-08-19T10:55:17.818794Z'
url='https://plus4world.powweb.com/hardware' event='skipping_non_artifact_source' logger='daad_harvester.discover' level='info' timestamp='2026-08-19T10:55:17.818836Z'
url='https://plus4world.powweb.com/tools' event='skipping_non_artifact_source' logger='daad_harvester.discover' level='info' timestamp='2026-08-19T10:55:17.818880Z'
url='https://plus4world.powweb.com/options' event='skipping_non_artifact_source' logger='daad_harvester.discover' level='info' timestamp='2026-08-19T10:55:17.818924Z'
url='https://plus4world.powweb.com/forum#pagetop' event='skipping_non_artifact_source' logger='daad_harvester.discover' level='info' timestamp='2026-08-19T10:55:17.818970Z'
url='https://plus4world.powweb.com/login.php' event='skipping_non_artifact_source' logger='daad_harvester.discover' level='info' timestamp='2026-08-19T10:55:17.819026Z'
url='https://plus4world.powweb.com/sl/102' event='skipping_non_artifact_source' logger='daad_harvester.discover' level='info' timestamp='2026-08-19T10:55:17.819087Z'
url='https://plus4world.powweb.com/sl/2019' event='skipping_non_artifact_source' logger='daad_harvester.discover' level='info' timestamp='2026-08-19T10:55:17.819140Z'
url='https://plus4world.powweb.com/play/the_search_for_the_nether_regions_zip' event='skipping_non_artifact_source' logger='daad_harvester.discover' level='info' timestamp='2026-08-19T10:55:17.819200Z'
url='https://plus4world.powweb.com/groups/Absence' event='skipping_non_artifact_source' logger='daad_harvester.discover' level='info' timestamp='2026-08-19T10:55:17.819255Z'
url='https://plus4world.powweb.com/members/siz' event='skipping_non_artifact_source' logger='daad_harvester.discover' level='info' timestamp='2026-08-19T10:55:17.819307Z'
url='https://plus4world.powweb.com/members/Chronos' event='skipping_non_artifact_source' logger='daad_harvester.discover' level='info' timestamp='2026-08-19T10:55:17.819358Z'
url='https://plus4world.powweb.com/dl/games/t/the_search_for_the_nether_regions.zip' tier='archive' title='The Search For The Nether Regions - Software Details - Plus/4 World' event='discovered_source' logger='daad_harvester.discover' level='info' timestamp='2026-08-19T10:55:17.821954Z'
url='https://plus4world.powweb.com/dl/games/t/the_search_for_the_nether_regions.zip' event='skipping_duplicate_source' logger='daad_harvester.discover' level='info' timestamp='2026-08-19T10:55:17.822122Z'
url='http://c64.rulez.org/pub/plus4/Games/t/The_Search_For_The_Nether_Regions.zip' tier='archive' title='The Search For The Nether Regions - Software Details - Plus/4 World' event='discovered_source' logger='daad_harvester.discover' level='info' timestamp='2026-08-19T10:55:17.823249Z'
url='http://c64.rulez.org/pub/plus4/Games/t/The_Search_For_The_Nether_Regions.zip' event='skipping_duplicate_source' logger='daad_harvester.discover' level='info' timestamp='2026-08-19T10:55:17.823408Z'
url='http://plus4.othersi.de/plus4/Games/t/The_Search_For_The_Nether_Regions.zip' tier='archive' title='The Search For The Nether Regions - Software Details - Plus/4 World' event='discovered_source' logger='daad_harvester.discover' level='info' timestamp='2026-08-19T10:55:17.824638Z'
url='http://plus4.othersi.de/plus4/Games/t/The_Search_For_The_Nether_Regions.zip' event='skipping_duplicate_source' logger='daad_harvester.discover' level='info' timestamp='2026-08-19T10:55:17.824780Z'
url='http://www.zimmers.net/anonftp/pub/cbm/plus4/Games/misc/t/The_Search_For_The_Nether_Regions_d64.zip' tier='archive' title='The Search For The Nether Regions - Software Details - Plus/4 World' event='discovered_source' logger='daad_harvester.discover' level='info' timestamp='2026-08-19T10:55:17.825848Z'
url='http://www.zimmers.net/anonftp/pub/cbm/plus4/Games/misc/t/The_Search_For_The_Nether_Regions_d64.zip' event='skipping_duplicate_source' logger='daad_harvester.discover' level='info' timestamp='2026-08-19T10:55:17.825960Z'
url='https://plus4world.powweb.com/software/The_Search_For_The_Nether_Regions' event='skipping_non_artifact_source' logger='daad_harvester.discover' level='info' timestamp='2026-08-19T10:55:17.826012Z'
url='http://www.gb64.com/game.php?id=28054' event='skipping_non_artifact_source' logger='daad_harvester.discover' level='info' timestamp='2026-08-19T10:55:17.826078Z'
url='http://www.worldofspectrum.org/infoseekid.cgi?id=0006938' event='skipping_non_artifact_source' logger='daad_harvester.discover' level='info' timestamp='2026-08-19T10:55:17.826144Z'
url='https://www.cpc-power.com/index.php?page=detail&num=15542' event='skipping_non_artifact_source' logger='daad_harvester.discover' level='info' timestamp='2026-08-19T10:55:17.826204Z'
url='http://8bitag.com/games/nether.html' event='skipping_non_artifact_source' logger='daad_harvester.discover' level='info' timestamp='2026-08-19T10:55:17.826258Z'
url='https://plus4world.powweb.com/solutions' event='skipping_non_artifact_source' logger='daad_harvester.discover' level='info' timestamp='2026-08-19T10:55:17.826309Z'
url='https://patreon.com/plus4world' event='skipping_non_artifact_source' logger='daad_harvester.discover' level='info' timestamp='2026-08-19T10:55:17.826364Z'
HTTP Request: GET https://archive.org/metadata/Ci-U-Than_Trilogy_II_Los_Templos_Sagrados_1991_Aventuras_AD_es_cpm_version "HTTP/1.1 200 OK"
url='https://archive.org/download/Ci-U-Than_Trilogy_II_Los_Templos_Sagrados_1991_Aventuras_AD_es_cpm_version/Ci-U-Than_Trilogy_II_Los_Templos_Sagrados_1991_Aventuras_AD_es_cpm_version.dsk' tier='archive' title='Los Templos Sagrados' event='discovered_source' logger='daad_harvester.discover' level='info' timestamp='2026-08-19T10:55:17.926089Z'
url='https://archive.org/download/Ci-U-Than_Trilogy_II_Los_Templos_Sagrados_1991_Aventuras_AD_es_cpm_version/Ci-U-Than_Trilogy_II_Los_Templos_Sagrados_1991_Aventuras_AD_es_cpm_version_archive.torrent' event='skipping_non_artifact_source' logger='daad_harvester.discover' level='info' timestamp='2026-08-19T10:55:17.926636Z'
url='https://archive.org/download/Ci-U-Than_Trilogy_II_Los_Templos_Sagrados_1991_Aventuras_AD_es_cpm_version/Ci-U-Than_Trilogy_II_Los_Templos_Sagrados_1991_Aventuras_AD_es_cpm_version_files.xml' event='skipping_non_artifact_source' logger='daad_harvester.discover' level='info' timestamp='2026-08-19T10:55:17.926804Z'
url='https://archive.org/download/Ci-U-Than_Trilogy_II_Los_Templos_Sagrados_1991_Aventuras_AD_es_cpm_version/Ci-U-Than_Trilogy_II_Los_Templos_Sagrados_1991_Aventuras_AD_es_cpm_version_meta.sqlite' event='skipping_non_artifact_source' logger='daad_harvester.discover' level='info' timestamp='2026-08-19T10:55:17.926923Z'
url='https://archive.org/download/Ci-U-Than_Trilogy_II_Los_Templos_Sagrados_1991_Aventuras_AD_es_cpm_version/Ci-U-Than_Trilogy_II_Los_Templos_Sagrados_1991_Aventuras_AD_es_cpm_version_meta.xml' event='skipping_non_artifact_source' logger='daad_harvester.discover' level='info' timestamp='2026-08-19T10:55:17.927027Z'
url='https://archive.org/download/Ci-U-Than_Trilogy_II_Los_Templos_Sagrados_1991_Aventuras_AD_es_cpm_version/Ci-U-Than_Trilogy_II_Los_Templos_Sagrados_1991_Aventuras_AD_es_cpm_version_screenshot.png' event='skipping_non_artifact_source' logger='daad_harvester.discover' level='info' timestamp='2026-08-19T10:55:17.927147Z'
url='https://archive.org/download/Ci-U-Than_Trilogy_II_Los_Templos_Sagrados_1991_Aventuras_AD_es_cpm_version/__ia_thumb.jpg' event='skipping_non_artifact_source' logger='daad_harvester.discover' level='info' timestamp='2026-08-19T10:55:17.927248Z'
url='https://archive.org/metadata/Aventura_Espacial_La_1990_Aventuras_AD_es_cpm_version' attempt=1 event='fetching_discovery_url' logger='daad_harvester.discover' level='info' timestamp='2026-08-19T10:55:18.289647Z'
url='https://plus4world.powweb.com/software/Unhallowed' attempt=1 event='fetching_discovery_url' logger='daad_harvester.discover' level='info' timestamp='2026-08-19T10:55:18.456596Z'
HTTP Request: GET https://zartan917.itch.io/terror-by-night-v "HTTP/1.1 200 OK"
url='https://zartan917.itch.io' event='skipping_non_artifact_source' logger='daad_harvester.discover' level='info' timestamp='2026-08-19T10:55:18.799165Z'
url='https://itch.io/login?return_to=https%3A%2F%2Fzartan917.itch.io%2Fterror-by-night-v&intent=follow_user' event='skipping_non_artifact_source' logger='daad_harvester.discover' level='info' timestamp='2026-08-19T10:55:18.799355Z'
url='https://itch.io/login?return_to=https%3A%2F%2Fzartan917.itch.io%2Fterror-by-night-v&intent=add_to_collection' event='skipping_non_artifact_source' logger='daad_harvester.discover' level='info' timestamp='2026-08-19T10:55:18.799458Z'
url='https://zartan917.itch.io/terror-by-night-v#comments' event='skipping_non_artifact_source' logger='daad_harvester.discover' level='info' timestamp='2026-08-19T10:55:18.799533Z'
url='https://itch.io/games-like/2380362/terror-by-night-v' event='skipping_non_artifact_source' logger='daad_harvester.discover' level='info' timestamp='2026-08-19T10:55:18.799599Z'
url='https://zartan917.itch.io/terror-by-night-v/purchase' event='skipping_non_artifact_source' logger='daad_harvester.discover' level='info' timestamp='2026-08-19T10:55:18.799661Z'
url='http://jsspeccy.zxdemo.org/' event='skipping_non_artifact_source' logger='daad_harvester.discover' level='info' timestamp='2026-08-19T10:55:18.799719Z'
url='javascript:void(0)' event='skipping_non_artifact_source' logger='daad_harvester.discover' level='info' timestamp='2026-08-19T10:55:18.799769Z'
url='https://itch.io/games/released' event='skipping_non_artifact_source' logger='daad_harvester.discover' level='info' timestamp='2026-08-19T10:55:18.799824Z'
url='https://zartan917.itch.io' event='skipping_non_artifact_source' logger='daad_harvester.discover' level='info' timestamp='2026-08-19T10:55:18.799874Z'
url='https://itch.io/games/genre-visual-novel' event='skipping_non_artifact_source' logger='daad_harvester.discover' level='info' timestamp='2026-08-19T10:55:18.799929Z'
url='https://itch.io/games/tag-amiga' event='skipping_non_artifact_source' logger='daad_harvester.discover' level='info' timestamp='2026-08-19T10:55:18.799982Z'
url='https://itch.io/games/tag-atari' event='skipping_non_artifact_source' logger='daad_harvester.discover' level='info' timestamp='2026-08-19T10:55:18.800045Z'
url='https://itch.io/games/tag-commodore' event='skipping_non_artifact_source' logger='daad_harvester.discover' level='info' timestamp='2026-08-19T10:55:18.800098Z'
url='https://itch.io/games/tag-commodore-64' event='skipping_non_artifact_source' logger='daad_harvester.discover' level='info' timestamp='2026-08-19T10:55:18.800149Z'
url='https://itch.io/games/tag-daad' event='skipping_non_artifact_source' logger='daad_harvester.discover' level='info' timestamp='2026-08-19T10:55:18.800204Z'
url='https://itch.io/games/tag-holmes' event='skipping_non_artifact_source' logger='daad_harvester.discover' level='info' timestamp='2026-08-19T10:55:18.800256Z'
url='https://itch.io/games/tag-msx' event='skipping_non_artifact_source' logger='daad_harvester.discover' level='info' timestamp='2026-08-19T10:55:18.800308Z'
url='https://itch.io/games/tag-sherlock' event='skipping_non_artifact_source' logger='daad_harvester.discover' level='info' timestamp='2026-08-19T10:55:18.800370Z'
url='https://itch.io/games/tag-zx' event='skipping_non_artifact_source' logger='daad_harvester.discover' level='info' timestamp='2026-08-19T10:55:18.800447Z'
url='https://zartan917.itch.io/terror-by-night-v/purchase' event='skipping_non_artifact_source' logger='daad_harvester.discover' level='info' timestamp='2026-08-19T10:55:18.800508Z'
url='https://itch.io/login?return_to=https%3A%2F%2Fzartan917.itch.io%2Fterror-by-night-v' event='skipping_non_artifact_source' logger='daad_harvester.discover' level='info' timestamp='2026-08-19T10:55:18.800595Z'
url='https://itch.io/login?return_to=https%3A%2F%2Fzartan917.itch.io%2Fterror-by-night-v&intent=community' event='skipping_non_artifact_source' logger='daad_harvester.discover' level='info' timestamp='2026-08-19T10:55:18.800672Z'
url='https://itch.io/login?return_to=https%3A%2F%2Fzartan917.itch.io%2Fterror-by-night-v&intent=community' event='skipping_non_artifact_source' logger='daad_harvester.discover' level='info' timestamp='2026-08-19T10:55:18.800732Z'
url='https://itch.io/profile/survivisected' event='skipping_non_artifact_source' logger='daad_harvester.discover' level='info' timestamp='2026-08-19T10:55:18.800802Z'
url='https://itch.io/profile/survivisected' event='skipping_non_artifact_source' logger='daad_harvester.discover' level='info' timestamp='2026-08-19T10:55:18.800858Z'
url='https://itch.io/post/11263042' event='skipping_non_artifact_source' logger='daad_harvester.discover' level='info' timestamp='2026-08-19T10:55:18.800928Z'
url='https://itch.io/login?return_to=https%3A%2F%2Fzartan917.itch.io%2Fterror-by-night-v&intent=community' event='skipping_non_artifact_source' logger='daad_harvester.discover' level='info' timestamp='2026-08-19T10:55:18.801038Z'
url='https://itch.io/login?return_to=https%3A%2F%2Fzartan917.itch.io%2Fterror-by-night-v&intent=community' event='skipping_non_artifact_source' logger='daad_harvester.discover' level='info' timestamp='2026-08-19T10:55:18.801114Z'
url='https://itch.io/login?return_to=https%3A%2F%2Fzartan917.itch.io%2Fterror-by-night-v&intent=community' event='skipping_non_artifact_source' logger='daad_harvester.discover' level='info' timestamp='2026-08-19T10:55:18.801172Z'
url='https://itch.io/profile/zartan917' event='skipping_non_artifact_source' logger='daad_harvester.discover' level='info' timestamp='2026-08-19T10:55:18.801239Z'
url='https://itch.io/profile/zartan917' event='skipping_non_artifact_source' logger='daad_harvester.discover' level='info' timestamp='2026-08-19T10:55:18.801301Z'
url='https://itch.io/post/11263472' event='skipping_non_artifact_source' logger='daad_harvester.discover' level='info' timestamp='2026-08-19T10:55:18.801366Z'
url='https://itch.io/login?return_to=https%3A%2F%2Fzartan917.itch.io%2Fterror-by-night-v&intent=community' event='skipping_non_artifact_source' logger='daad_harvester.discover' level='info' timestamp='2026-08-19T10:55:18.801447Z'
url='https://itch.io/login?return_to=https%3A%2F%2Fzartan917.itch.io%2Fterror-by-night-v&intent=community' event='skipping_non_artifact_source' logger='daad_harvester.discover' level='info' timestamp='2026-08-19T10:55:18.801518Z'
url='https://itch.io/login?return_to=https%3A%2F%2Fzartan917.itch.io%2Fterror-by-night-v&intent=community' event='skipping_non_artifact_source' logger='daad_harvester.discover' level='info' timestamp='2026-08-19T10:55:18.801576Z'
url='https://itch.io/profile/survivisected' event='skipping_non_artifact_source' logger='daad_harvester.discover' level='info' timestamp='2026-08-19T10:55:18.801632Z'
url='https://itch.io/profile/survivisected' event='skipping_non_artifact_source' logger='daad_harvester.discover' level='info' timestamp='2026-08-19T10:55:18.801690Z'
url='https://itch.io/post/11427172' event='skipping_non_artifact_source' logger='daad_harvester.discover' level='info' timestamp='2026-08-19T10:55:18.801757Z'
url='https://itch.io/login?return_to=https%3A%2F%2Fzartan917.itch.io%2Fterror-by-night-v&intent=community' event='skipping_non_artifact_source' logger='daad_harvester.discover' level='info' timestamp='2026-08-19T10:55:18.801816Z'
url='https://itch.io/login?return_to=https%3A%2F%2Fzartan917.itch.io%2Fterror-by-night-v&intent=community' event='skipping_non_artifact_source' logger='daad_harvester.discover' level='info' timestamp='2026-08-19T10:55:18.801886Z'
url='https://itch.io/login?return_to=https%3A%2F%2Fzartan917.itch.io%2Fterror-by-night-v&intent=community' event='skipping_non_artifact_source' logger='daad_harvester.discover' level='info' timestamp='2026-08-19T10:55:18.801943Z'
url='https://itch.io/profile/zartan917' event='skipping_non_artifact_source' logger='daad_harvester.discover' level='info' timestamp='2026-08-19T10:55:18.802015Z'
url='https://itch.io/profile/zartan917' event='skipping_non_artifact_source' logger='daad_harvester.discover' level='info' timestamp='2026-08-19T10:55:18.802078Z'
url='https://itch.io/post/11427331' event='skipping_non_artifact_source' logger='daad_harvester.discover' level='info' timestamp='2026-08-19T10:55:18.802145Z'
url='https://itch.io/login?return_to=https%3A%2F%2Fzartan917.itch.io%2Fterror-by-night-v&intent=community' event='skipping_non_artifact_source' logger='daad_harvester.discover' level='info' timestamp='2026-08-19T10:55:18.802204Z'
url='https://itch.io/login?return_to=https%3A%2F%2Fzartan917.itch.io%2Fterror-by-night-v&intent=community' event='skipping_non_artifact_source' logger='daad_harvester.discover' level='info' timestamp='2026-08-19T10:55:18.802262Z'
url='https://itch.io/login?return_to=https%3A%2F%2Fzartan917.itch.io%2Fterror-by-night-v&intent=community' event='skipping_non_artifact_source' logger='daad_harvester.discover' level='info' timestamp='2026-08-19T10:55:18.802319Z'
url='https://itch.io/profile/takuikaninja' event='skipping_non_artifact_source' logger='daad_harvester.discover' level='info' timestamp='2026-08-19T10:55:18.802386Z'
url='https://itch.io/profile/takuikaninja' event='skipping_non_artifact_source' logger='daad_harvester.discover' level='info' timestamp='2026-08-19T10:55:18.802469Z'
url='https://itch.io/post/8993030' event='skipping_non_artifact_source' logger='daad_harvester.discover' level='info' timestamp='2026-08-19T10:55:18.802548Z'
url='https://itch.io/login?return_to=https%3A%2F%2Fzartan917.itch.io%2Fterror-by-night-v&intent=community' event='skipping_non_artifact_source' logger='daad_harvester.discover' level='info' timestamp='2026-08-19T10:55:18.802606Z'
url='https://itch.io/login?return_to=https%3A%2F%2Fzartan917.itch.io%2Fterror-by-night-v&intent=community' event='skipping_non_artifact_source' logger='daad_harvester.discover' level='info' timestamp='2026-08-19T10:55:18.802666Z'
url='https://itch.io/login?return_to=https%3A%2F%2Fzartan917.itch.io%2Fterror-by-night-v&intent=community' event='skipping_non_artifact_source' logger='daad_harvester.discover' level='info' timestamp='2026-08-19T10:55:18.802722Z'
url='https://itch.io/profile/zartan917' event='skipping_non_artifact_source' logger='daad_harvester.discover' level='info' timestamp='2026-08-19T10:55:18.802777Z'
url='https://itch.io/profile/zartan917' event='skipping_non_artifact_source' logger='daad_harvester.discover' level='info' timestamp='2026-08-19T10:55:18.802828Z'
url='https://itch.io/post/8993793' event='skipping_non_artifact_source' logger='daad_harvester.discover' level='info' timestamp='2026-08-19T10:55:18.802896Z'
url='https://itch.io/login?return_to=https%3A%2F%2Fzartan917.itch.io%2Fterror-by-night-v&intent=community' event='skipping_non_artifact_source' logger='daad_harvester.discover' level='info' timestamp='2026-08-19T10:55:18.802949Z'
url='https://itch.io/login?return_to=https%3A%2F%2Fzartan917.itch.io%2Fterror-by-night-v&intent=community' event='skipping_non_artifact_source' logger='daad_harvester.discover' level='info' timestamp='2026-08-19T10:55:18.803013Z'
url='https://itch.io/login?return_to=https%3A%2F%2Fzartan917.itch.io%2Fterror-by-night-v&intent=community' event='skipping_non_artifact_source' logger='daad_harvester.discover' level='info' timestamp='2026-08-19T10:55:18.803074Z'
url='https://itch.io/profile/takuikaninja' event='skipping_non_artifact_source' logger='daad_harvester.discover' level='info' timestamp='2026-08-19T10:55:18.803125Z'
url='https://itch.io/profile/takuikaninja' event='skipping_non_artifact_source' logger='daad_harvester.discover' level='info' timestamp='2026-08-19T10:55:18.803177Z'
url='https://itch.io/post/8994423' event='skipping_non_artifact_source' logger='daad_harvester.discover' level='info' timestamp='2026-08-19T10:55:18.803243Z'
url='https://itch.io/login?return_to=https%3A%2F%2Fzartan917.itch.io%2Fterror-by-night-v&intent=community' event='skipping_non_artifact_source' logger='daad_harvester.discover' level='info' timestamp='2026-08-19T10:55:18.803306Z'
url='https://itch.io/login?return_to=https%3A%2F%2Fzartan917.itch.io%2Fterror-by-night-v&intent=community' event='skipping_non_artifact_source' logger='daad_harvester.discover' level='info' timestamp='2026-08-19T10:55:18.803359Z'
url='https://itch.io/login?return_to=https%3A%2F%2Fzartan917.itch.io%2Fterror-by-night-v&intent=community' event='skipping_non_artifact_source' logger='daad_harvester.discover' level='info' timestamp='2026-08-19T10:55:18.803414Z'
url='https://itch.io/profile/zartan917' event='skipping_non_artifact_source' logger='daad_harvester.discover' level='info' timestamp='2026-08-19T10:55:18.803492Z'
url='https://itch.io/profile/zartan917' event='skipping_non_artifact_source' logger='daad_harvester.discover' level='info' timestamp='2026-08-19T10:55:18.803539Z'
url='https://itch.io/post/8995605' event='skipping_non_artifact_source' logger='daad_harvester.discover' level='info' timestamp='2026-08-19T10:55:18.803592Z'
url='https://itch.io/login?return_to=https%3A%2F%2Fzartan917.itch.io%2Fterror-by-night-v&intent=community' event='skipping_non_artifact_source' logger='daad_harvester.discover' level='info' timestamp='2026-08-19T10:55:18.803639Z'
url='https://itch.io/login?return_to=https%3A%2F%2Fzartan917.itch.io%2Fterror-by-night-v&intent=community' event='skipping_non_artifact_source' logger='daad_harvester.discover' level='info' timestamp='2026-08-19T10:55:18.803686Z'
url='https://itch.io/login?return_to=https%3A%2F%2Fzartan917.itch.io%2Fterror-by-night-v&intent=community' event='skipping_non_artifact_source' logger='daad_harvester.discover' level='info' timestamp='2026-08-19T10:55:18.803729Z'
url='https://itch.io/profile/c64universe' event='skipping_non_artifact_source' logger='daad_harvester.discover' level='info' timestamp='2026-08-19T10:55:18.803780Z'
url='https://itch.io/profile/c64universe' event='skipping_non_artifact_source' logger='daad_harvester.discover' level='info' timestamp='2026-08-19T10:55:18.803825Z'
url='https://itch.io/post/8956644' event='skipping_non_artifact_source' logger='daad_harvester.discover' level='info' timestamp='2026-08-19T10:55:18.803878Z'
url='https://c64universe.wordpress.com/2023/11/30/terror-by-night-2023-a-novel-approach/' event='skipping_non_artifact_source' logger='daad_harvester.discover' level='info' timestamp='2026-08-19T10:55:18.803931Z'
url='https://itch.io/login?return_to=https%3A%2F%2Fzartan917.itch.io%2Fterror-by-night-v&intent=community' event='skipping_non_artifact_source' logger='daad_harvester.discover' level='info' timestamp='2026-08-19T10:55:18.803978Z'
url='https://itch.io/login?return_to=https%3A%2F%2Fzartan917.itch.io%2Fterror-by-night-v&intent=community' event='skipping_non_artifact_source' logger='daad_harvester.discover' level='info' timestamp='2026-08-19T10:55:18.804034Z'
url='https://itch.io/login?return_to=https%3A%2F%2Fzartan917.itch.io%2Fterror-by-night-v&intent=community' event='skipping_non_artifact_source' logger='daad_harvester.discover' level='info' timestamp='2026-08-19T10:55:18.804079Z'
url='https://itch.io/profile/zartan917' event='skipping_non_artifact_source' logger='daad_harvester.discover' level='info' timestamp='2026-08-19T10:55:18.804124Z'
url='https://itch.io/profile/zartan917' event='skipping_non_artifact_source' logger='daad_harvester.discover' level='info' timestamp='2026-08-19T10:55:18.804167Z'
url='https://itch.io/post/8957389' event='skipping_non_artifact_source' logger='daad_harvester.discover' level='info' timestamp='2026-08-19T10:55:18.804221Z'
url='https://itch.io/login?return_to=https%3A%2F%2Fzartan917.itch.io%2Fterror-by-night-v&intent=community' event='skipping_non_artifact_source' logger='daad_harvester.discover' level='info' timestamp='2026-08-19T10:55:18.804266Z'
url='https://itch.io/login?return_to=https%3A%2F%2Fzartan917.itch.io%2Fterror-by-night-v&intent=community' event='skipping_non_artifact_source' logger='daad_harvester.discover' level='info' timestamp='2026-08-19T10:55:18.804311Z'
url='https://itch.io/login?return_to=https%3A%2F%2Fzartan917.itch.io%2Fterror-by-night-v&intent=community' event='skipping_non_artifact_source' logger='daad_harvester.discover' level='info' timestamp='2026-08-19T10:55:18.804359Z'
url='https://itch.io/profile/umpftata' event='skipping_non_artifact_source' logger='daad_harvester.discover' level='info' timestamp='2026-08-19T10:55:18.804411Z'
url='https://itch.io/profile/umpftata' event='skipping_non_artifact_source' logger='daad_harvester.discover' level='info' timestamp='2026-08-19T10:55:18.804481Z'
url='https://itch.io/post/8919090' event='skipping_non_artifact_source' logger='daad_harvester.discover' level='info' timestamp='2026-08-19T10:55:18.804537Z'
url='https://itch.io/login?return_to=https%3A%2F%2Fzartan917.itch.io%2Fterror-by-night-v&intent=community' event='skipping_non_artifact_source' logger='daad_harvester.discover' level='info' timestamp='2026-08-19T10:55:18.804582Z'
url='https://itch.io/login?return_to=https%3A%2F%2Fzartan917.itch.io%2Fterror-by-night-v&intent=community' event='skipping_non_artifact_source' logger='daad_harvester.discover' level='info' timestamp='2026-08-19T10:55:18.804627Z'
url='https://itch.io/login?return_to=https%3A%2F%2Fzartan917.itch.io%2Fterror-by-night-v&intent=community' event='skipping_non_artifact_source' logger='daad_harvester.discover' level='info' timestamp='2026-08-19T10:55:18.804671Z'
url='https://itch.io/profile/zartan917' event='skipping_non_artifact_source' logger='daad_harvester.discover' level='info' timestamp='2026-08-19T10:55:18.804713Z'
url='https://itch.io/profile/zartan917' event='skipping_non_artifact_source' logger='daad_harvester.discover' level='info' timestamp='2026-08-19T10:55:18.804755Z'
url='https://itch.io/post/8920879' event='skipping_non_artifact_source' logger='daad_harvester.discover' level='info' timestamp='2026-08-19T10:55:18.804807Z'
url='https://itch.io/login?return_to=https%3A%2F%2Fzartan917.itch.io%2Fterror-by-night-v&intent=community' event='skipping_non_artifact_source' logger='daad_harvester.discover' level='info' timestamp='2026-08-19T10:55:18.804851Z'
url='https://itch.io/login?return_to=https%3A%2F%2Fzartan917.itch.io%2Fterror-by-night-v&intent=community' event='skipping_non_artifact_source' logger='daad_harvester.discover' level='info' timestamp='2026-08-19T10:55:18.804897Z'
url='https://itch.io/login?return_to=https%3A%2F%2Fzartan917.itch.io%2Fterror-by-night-v&intent=community' event='skipping_non_artifact_source' logger='daad_harvester.discover' level='info' timestamp='2026-08-19T10:55:18.804939Z'
url='https://itch.io/profile/sketter1969' event='skipping_non_artifact_source' logger='daad_harvester.discover' level='info' timestamp='2026-08-19T10:55:18.805027Z'
url='https://itch.io/profile/sketter1969' event='skipping_non_artifact_source' logger='daad_harvester.discover' level='info' timestamp='2026-08-19T10:55:18.805081Z'
url='https://itch.io/post/8918756' event='skipping_non_artifact_source' logger='daad_harvester.discover' level='info' timestamp='2026-08-19T10:55:18.805133Z'
url='https://itch.io/login?return_to=https%3A%2F%2Fzartan917.itch.io%2Fterror-by-night-v&intent=community' event='skipping_non_artifact_source' logger='daad_harvester.discover' level='info' timestamp='2026-08-19T10:55:18.805180Z'
url='https://itch.io/login?return_to=https%3A%2F%2Fzartan917.itch.io%2Fterror-by-night-v&intent=community' event='skipping_non_artifact_source' logger='daad_harvester.discover' level='info' timestamp='2026-08-19T10:55:18.805225Z'
url='https://itch.io/login?return_to=https%3A%2F%2Fzartan917.itch.io%2Fterror-by-night-v&intent=community' event='skipping_non_artifact_source' logger='daad_harvester.discover' level='info' timestamp='2026-08-19T10:55:18.805268Z'
url='https://itch.io/profile/zartan917' event='skipping_non_artifact_source' logger='daad_harvester.discover' level='info' timestamp='2026-08-19T10:55:18.805311Z'
url='https://itch.io/profile/zartan917' event='skipping_non_artifact_source' logger='daad_harvester.discover' level='info' timestamp='2026-08-19T10:55:18.805357Z'
url='https://itch.io/post/8919040' event='skipping_non_artifact_source' logger='daad_harvester.discover' level='info' timestamp='2026-08-19T10:55:18.805409Z'
url='https://itch.io/login?return_to=https%3A%2F%2Fzartan917.itch.io%2Fterror-by-night-v&intent=community' event='skipping_non_artifact_source' logger='daad_harvester.discover' level='info' timestamp='2026-08-19T10:55:18.805480Z'
url='https://img.itch.zone/aW1hZ2UvMjM4MDM2Mi8xNDE2NzI1MC5wbmc=/original/D6mjtx.png' event='skipping_non_artifact_source' logger='daad_harvester.discover' level='info' timestamp='2026-08-19T10:55:18.805541Z'
url='https://img.itch.zone/aW1hZ2UvMjM4MDM2Mi8xNDA5NDEwNy5wbmc=/original/QPjgsK.png' event='skipping_non_artifact_source' logger='daad_harvester.discover' level='info' timestamp='2026-08-19T10:55:18.805595Z'
url='https://img.itch.zone/aW1hZ2UvMjM4MDM2Mi8xNDE2MzgyNi5wbmc=/original/5ZFlZc.png' event='skipping_non_artifact_source' logger='daad_harvester.discover' level='info' timestamp='2026-08-19T10:55:18.805647Z'
url='https://img.itch.zone/aW1hZ2UvMjM4MDM2Mi8xNDA5NDEwOS5wbmc=/original/8nUEBL.png' event='skipping_non_artifact_source' logger='daad_harvester.discover' level='info' timestamp='2026-08-19T10:55:18.805700Z'
url='https://img.itch.zone/aW1hZ2UvMjM4MDM2Mi8xNDA5NDExMS5wbmc=/original/3Cr%2BoF.png' event='skipping_non_artifact_source' logger='daad_harvester.discover' level='info' timestamp='2026-08-19T10:55:18.805769Z'
url='https://img.itch.zone/aW1hZ2UvMjM4MDM2Mi8xNDA5NDEyMC5wbmc=/original/jgW9aO.png' event='skipping_non_artifact_source' logger='daad_harvester.discover' level='info' timestamp='2026-08-19T10:55:18.805821Z'
url='https://img.itch.zone/aW1hZ2UvMjM4MDM2Mi8xNDA5NDEyNy5wbmc=/original/Fv9LZu.png' event='skipping_non_artifact_source' logger='daad_harvester.discover' level='info' timestamp='2026-08-19T10:55:18.805874Z'
url='https://itch.io/' event='skipping_non_artifact_source' logger='daad_harvester.discover' level='info' timestamp='2026-08-19T10:55:18.805931Z'
url='https://itch.io/' event='skipping_non_artifact_source' logger='daad_harvester.discover' level='info' timestamp='2026-08-19T10:55:18.805977Z'
url='https://zartan917.itch.io' event='skipping_non_artifact_source' logger='daad_harvester.discover' level='info' timestamp='2026-08-19T10:55:18.806031Z'
url='javascript:void(0);' event='skipping_non_artifact_source' logger='daad_harvester.discover' level='info' timestamp='2026-08-19T10:55:18.806077Z'
url='javascript:void(0);' event='skipping_non_artifact_source' logger='daad_harvester.discover' level='info' timestamp='2026-08-19T10:55:18.806113Z'
url='https://itch.io/games' event='skipping_non_artifact_source' logger='daad_harvester.discover' level='info' timestamp='2026-08-19T10:55:18.806165Z'
url='https://itch.io/games/genre-visual-novel' event='skipping_non_artifact_source' logger='daad_harvester.discover' level='info' timestamp='2026-08-19T10:55:18.806211Z'
url='https://itch.io/games/5-dollars-or-less' event='skipping_non_artifact_source' logger='daad_harvester.discover' level='info' timestamp='2026-08-19T10:55:18.806262Z'
url='https://lws.itch.io/pandemia-xxi' attempt=1 event='fetching_discovery_url' logger='daad_harvester.discover' level='info' timestamp='2026-08-19T10:55:18.806374Z'
HTTP Request: GET https://worldofspectrum.org/archive/software/text-adventures/jaime-i-el-conquistador-aventuras-ad-sa "HTTP/1.1 200 OK"
HTTP Request: GET https://plus4world.powweb.com/software/Unhallowed "HTTP/1.1 200 OK"
url='https://worldofspectrum.org/archive/software/text-adventures/la-aventura-espacial-aventuras-ad-sa' attempt=1 event='fetching_discovery_url' logger='daad_harvester.discover' level='info' timestamp='2026-08-19T10:55:18.826591Z'
url='https://plus4world.powweb.com/home' event='skipping_non_artifact_source' logger='daad_harvester.discover' level='info' timestamp='2026-08-19T10:55:18.848086Z'
url='https://plus4world.powweb.com/search' event='skipping_non_artifact_source' logger='daad_harvester.discover' level='info' timestamp='2026-08-19T10:55:18.848229Z'
url='https://plus4world.powweb.com/games' event='skipping_non_artifact_source' logger='daad_harvester.discover' level='info' timestamp='2026-08-19T10:55:18.848315Z'
url='https://plus4world.powweb.com/tapes' event='skipping_non_artifact_source' logger='daad_harvester.discover' level='info' timestamp='2026-08-19T10:55:18.848378Z'
url='https://plus4world.powweb.com/covers' event='skipping_non_artifact_source' logger='daad_harvester.discover' level='info' timestamp='2026-08-19T10:55:18.848475Z'
url='https://plus4world.powweb.com/cheats' event='skipping_non_artifact_source' logger='daad_harvester.discover' level='info' timestamp='2026-08-19T10:55:18.848538Z'
url='https://plus4world.powweb.com/maps' event='skipping_non_artifact_source' logger='daad_harvester.discover' level='info' timestamp='2026-08-19T10:55:18.848593Z'
url='https://plus4world.powweb.com/sl/100' event='skipping_non_artifact_source' logger='daad_harvester.discover' level='info' timestamp='2026-08-19T10:55:18.848648Z'
url='https://plus4world.powweb.com/newstuff' event='skipping_non_artifact_source' logger='daad_harvester.discover' level='info' timestamp='2026-08-19T10:55:18.848704Z'
url='https://plus4world.powweb.com/halloffame' event='skipping_non_artifact_source' logger='daad_harvester.discover' level='info' timestamp='2026-08-19T10:55:18.848760Z'
url='https://plus4world.powweb.com/hvtc' event='skipping_non_artifact_source' logger='daad_harvester.discover' level='info' timestamp='2026-08-19T10:55:18.848814Z'
url='https://plus4world.powweb.com/gameendings' event='skipping_non_artifact_source' logger='daad_harvester.discover' level='info' timestamp='2026-08-19T10:55:18.848868Z'
url='https://plus4world.powweb.com/solutions' event='skipping_non_artifact_source' logger='daad_harvester.discover' level='info' timestamp='2026-08-19T10:55:18.848921Z'
url='https://plus4world.powweb.com/remakes' event='skipping_non_artifact_source' logger='daad_harvester.discover' level='info' timestamp='2026-08-19T10:55:18.849023Z'
url='https://plus4world.powweb.com/publications' event='skipping_non_artifact_source' logger='daad_harvester.discover' level='info' timestamp='2026-08-19T10:55:18.849092Z'
url='https://plus4world.powweb.com/mags' event='skipping_non_artifact_source' logger='daad_harvester.discover' level='info' timestamp='2026-08-19T10:55:18.849148Z'
url='https://plus4world.powweb.com/effects' event='skipping_non_artifact_source' logger='daad_harvester.discover' level='info' timestamp='2026-08-19T10:55:18.849203Z'
url='https://plus4world.powweb.com/toplist' event='skipping_non_artifact_source' logger='daad_harvester.discover' level='info' timestamp='2026-08-19T10:55:18.849258Z'
url='https://plus4world.powweb.com/members' event='skipping_non_artifact_source' logger='daad_harvester.discover' level='info' timestamp='2026-08-19T10:55:18.849310Z'
url='https://plus4world.powweb.com/groups' event='skipping_non_artifact_source' logger='daad_harvester.discover' level='info' timestamp='2026-08-19T10:55:18.849363Z'
url='https://plus4world.powweb.com/features' event='skipping_non_artifact_source' logger='daad_harvester.discover' level='info' timestamp='2026-08-19T10:55:18.849415Z'
url='https://plus4world.powweb.com/features/upload' event='skipping_non_artifact_source' logger='daad_harvester.discover' level='info' timestamp='2026-08-19T10:55:18.849502Z'
url='https://plus4world.powweb.com/plus4encyclopedia' event='skipping_non_artifact_source' logger='daad_harvester.discover' level='info' timestamp='2026-08-19T10:55:18.849559Z'
url='https://plus4world.powweb.com/hardware' event='skipping_non_artifact_source' logger='daad_harvester.discover' level='info' timestamp='2026-08-19T10:55:18.849613Z'
url='https://plus4world.powweb.com/tools' event='skipping_non_artifact_source' logger='daad_harvester.discover' level='info' timestamp='2026-08-19T10:55:18.849668Z'
url='https://plus4world.powweb.com/options' event='skipping_non_artifact_source' logger='daad_harvester.discover' level='info' timestamp='2026-08-19T10:55:18.849725Z'
url='https://plus4world.powweb.com/forum#pagetop' event='skipping_non_artifact_source' logger='daad_harvester.discover' level='info' timestamp='2026-08-19T10:55:18.849786Z'
url='https://plus4world.powweb.com/home' event='skipping_non_artifact_source' logger='daad_harvester.discover' level='info' timestamp='2026-08-19T10:55:18.849833Z'
url='https://plus4world.powweb.com/search' event='skipping_non_artifact_source' logger='daad_harvester.discover' level='info' timestamp='2026-08-19T10:55:18.849878Z'
url='https://plus4world.powweb.com/games' event='skipping_non_artifact_source' logger='daad_harvester.discover' level='info' timestamp='2026-08-19T10:55:18.849924Z'
url='https://plus4world.powweb.com/tapes' event='skipping_non_artifact_source' logger='daad_harvester.discover' level='info' timestamp='2026-08-19T10:55:18.849967Z'
url='https://plus4world.powweb.com/covers' event='skipping_non_artifact_source' logger='daad_harvester.discover' level='info' timestamp='2026-08-19T10:55:18.850021Z'
url='https://plus4world.powweb.com/cheats' event='skipping_non_artifact_source' logger='daad_harvester.discover' level='info' timestamp='2026-08-19T10:55:18.850066Z'
url='https://plus4world.powweb.com/maps' event='skipping_non_artifact_source' logger='daad_harvester.discover' level='info' timestamp='2026-08-19T10:55:18.850110Z'
url='https://plus4world.powweb.com/sl/100' event='skipping_non_artifact_source' logger='daad_harvester.discover' level='info' timestamp='2026-08-19T10:55:18.850154Z'
url='https://plus4world.powweb.com/newstuff' event='skipping_non_artifact_source' logger='daad_harvester.discover' level='info' timestamp='2026-08-19T10:55:18.850197Z'
url='https://plus4world.powweb.com/halloffame' event='skipping_non_artifact_source' logger='daad_harvester.discover' level='info' timestamp='2026-08-19T10:55:18.850241Z'
url='https://plus4world.powweb.com/hvtc' event='skipping_non_artifact_source' logger='daad_harvester.discover' level='info' timestamp='2026-08-19T10:55:18.850285Z'
url='https://plus4world.powweb.com/gameendings' event='skipping_non_artifact_source' logger='daad_harvester.discover' level='info' timestamp='2026-08-19T10:55:18.850329Z'
url='https://plus4world.powweb.com/solutions' event='skipping_non_artifact_source' logger='daad_harvester.discover' level='info' timestamp='2026-08-19T10:55:18.850373Z'
url='https://plus4world.powweb.com/remakes' event='skipping_non_artifact_source' logger='daad_harvester.discover' level='info' timestamp='2026-08-19T10:55:18.850418Z'
url='https://plus4world.powweb.com/publications' event='skipping_non_artifact_source' logger='daad_harvester.discover' level='info' timestamp='2026-08-19T10:55:18.850491Z'
url='https://plus4world.powweb.com/mags' event='skipping_non_artifact_source' logger='daad_harvester.discover' level='info' timestamp='2026-08-19T10:55:18.850539Z'
url='https://plus4world.powweb.com/effects' event='skipping_non_artifact_source' logger='daad_harvester.discover' level='info' timestamp='2026-08-19T10:55:18.850585Z'
url='https://plus4world.powweb.com/toplist' event='skipping_non_artifact_source' logger='daad_harvester.discover' level='info' timestamp='2026-08-19T10:55:18.850631Z'
url='https://plus4world.powweb.com/members' event='skipping_non_artifact_source' logger='daad_harvester.discover' level='info' timestamp='2026-08-19T10:55:18.850676Z'
url='https://plus4world.powweb.com/groups' event='skipping_non_artifact_source' logger='daad_harvester.discover' level='info' timestamp='2026-08-19T10:55:18.850719Z'
url='https://plus4world.powweb.com/features' event='skipping_non_artifact_source' logger='daad_harvester.discover' level='info' timestamp='2026-08-19T10:55:18.850764Z'
url='https://plus4world.powweb.com/features/upload' event='skipping_non_artifact_source' logger='daad_harvester.discover' level='info' timestamp='2026-08-19T10:55:18.850810Z'
url='https://plus4world.powweb.com/plus4encyclopedia' event='skipping_non_artifact_source' logger='daad_harvester.discover' level='info' timestamp='2026-08-19T10:55:18.850856Z'
url='https://plus4world.powweb.com/hardware' event='skipping_non_artifact_source' logger='daad_harvester.discover' level='info' timestamp='2026-08-19T10:55:18.850900Z'
url='https://plus4world.powweb.com/tools' event='skipping_non_artifact_source' logger='daad_harvester.discover' level='info' timestamp='2026-08-19T10:55:18.850946Z'
url='https://plus4world.powweb.com/options' event='skipping_non_artifact_source' logger='daad_harvester.discover' level='info' timestamp='2026-08-19T10:55:18.850999Z'
url='https://plus4world.powweb.com/forum#pagetop' event='skipping_non_artifact_source' logger='daad_harvester.discover' level='info' timestamp='2026-08-19T10:55:18.851049Z'
url='https://plus4world.powweb.com/login.php' event='skipping_non_artifact_source' logger='daad_harvester.discover' level='info' timestamp='2026-08-19T10:55:18.851104Z'
url='https://plus4world.powweb.com/sl/102' event='skipping_non_artifact_source' logger='daad_harvester.discover' level='info' timestamp='2026-08-19T10:55:18.851160Z'
url='https://plus4world.powweb.com/sl/2019' event='skipping_non_artifact_source' logger='daad_harvester.discover' level='info' timestamp='2026-08-19T10:55:18.851214Z'
url='https://plus4world.powweb.com/play/unhallowed_zip' event='skipping_non_artifact_source' logger='daad_harvester.discover' level='info' timestamp='2026-08-19T10:55:18.851269Z'
url='https://plus4world.powweb.com/groups/Bitmap_Soft' event='skipping_non_artifact_source' logger='daad_harvester.discover' level='info' timestamp='2026-08-19T10:55:18.851325Z'
url='https://plus4world.powweb.com/groups/Puddle' event='skipping_non_artifact_source' logger='daad_harvester.discover' level='info' timestamp='2026-08-19T10:55:18.851379Z'
url='https://plus4world.powweb.com/members/Stefan_Vogt' event='skipping_non_artifact_source' logger='daad_harvester.discover' level='info' timestamp='2026-08-19T10:55:18.851460Z'
url='https://github.com/ByteProject/antur' event='skipping_non_artifact_source' logger='daad_harvester.discover' level='info' timestamp='2026-08-19T10:55:18.851536Z'
url='https://plus4world.powweb.com/dl/games/u/unhallowed.zip' tier='archive' title='Unhallowed - Software Details - Plus/4 World' event='discovered_source' logger='daad_harvester.discover' level='info' timestamp='2026-08-19T10:55:18.852580Z'
url='https://plus4world.powweb.com/dl/games/u/unhallowed.zip' event='skipping_duplicate_source' logger='daad_harvester.discover' level='info' timestamp='2026-08-19T10:55:18.852706Z'
url='http://c64.rulez.org/pub/plus4/Games/u/Unhallowed.zip' tier='archive' title='Unhallowed - Software Details - Plus/4 World' event='discovered_source' logger='daad_harvester.discover' level='info' timestamp='2026-08-19T10:55:18.853628Z'
url='http://c64.rulez.org/pub/plus4/Games/u/Unhallowed.zip' event='skipping_duplicate_source' logger='daad_harvester.discover' level='info' timestamp='2026-08-19T10:55:18.853737Z'
url='http://plus4.othersi.de/plus4/Games/u/Unhallowed.zip' tier='archive' title='Unhallowed - Software Details - Plus/4 World' event='discovered_source' logger='daad_harvester.discover' level='info' timestamp='2026-08-19T10:55:18.854606Z'
url='http://plus4.othersi.de/plus4/Games/u/Unhallowed.zip' event='skipping_duplicate_source' logger='daad_harvester.discover' level='info' timestamp='2026-08-19T10:55:18.854705Z'
url='http://www.zimmers.net/anonftp/pub/cbm/plus4/Games/misc/u/Unhallowed.d64.gz' tier='archive' title='Unhallowed - Software Details - Plus/4 World' event='discovered_source' logger='daad_harvester.discover' level='info' timestamp='2026-08-19T10:55:18.855528Z'
url='http://www.zimmers.net/anonftp/pub/cbm/plus4/Games/misc/u/Unhallowed.d64.gz' event='skipping_duplicate_source' logger='daad_harvester.discover' level='info' timestamp='2026-08-19T10:55:18.855672Z'
url='https://plus4world.powweb.com/software/Unhallowed' event='skipping_non_artifact_source' logger='daad_harvester.discover' level='info' timestamp='2026-08-19T10:55:18.855734Z'
url='https://blerkotron.itch.io/unhallowed' event='skipping_non_artifact_source' logger='daad_harvester.discover' level='info' timestamp='2026-08-19T10:55:18.855806Z'
url='https://www.bitmapsoft.co.uk/product/unhallowed-c16-plus-4-c64/' event='skipping_non_artifact_source' logger='daad_harvester.discover' level='info' timestamp='2026-08-19T10:55:18.855878Z'
url='https://plus4world.powweb.com/groups/Bitmap_Soft' event='skipping_non_artifact_source' logger='daad_harvester.discover' level='info' timestamp='2026-08-19T10:55:18.855934Z'
url='https://plus4world.powweb.com/sl/2019' event='skipping_non_artifact_source' logger='daad_harvester.discover' level='info' timestamp='2026-08-19T10:55:18.855992Z'
url='https://plus4world.powweb.com/publications/Retro_Gamer_204' event='skipping_non_artifact_source' logger='daad_harvester.discover' level='info' timestamp='2026-08-19T10:55:18.856052Z'
url='https://plus4world.powweb.com/publications/KA_Plus_15' event='skipping_non_artifact_source' logger='daad_harvester.discover' level='info' timestamp='2026-08-19T10:55:18.856108Z'
url='https://plus4world.powweb.com/publications/KA_Plus_17' event='skipping_non_artifact_source' logger='daad_harvester.discover' level='info' timestamp='2026-08-19T10:55:18.856161Z'
url='https://plus4world.powweb.com/diskcovers.php#16008' event='skipping_non_artifact_source' logger='daad_harvester.discover' level='info' timestamp='2026-08-19T10:55:18.856219Z'
url='https://plus4world.powweb.com/solutions' event='skipping_non_artifact_source' logger='daad_harvester.discover' level='info' timestamp='2026-08-19T10:55:18.856268Z'
url='https://patreon.com/plus4world' event='skipping_non_artifact_source' logger='daad_harvester.discover' level='info' timestamp='2026-08-19T10:55:18.856322Z'
HTTP Request: GET https://worldofspectrum.org/archive/software/text-adventures/la-aventura-espacial-aventuras-ad-sa "HTTP/1.1 200 OK"
url='https://www.worldofspectrum.org//pub/sinclair/games/a/AventuraEspacialLa.tzx.zip' tier='archive' title='La Aventura Espacial' event='discovered_source' logger='daad_harvester.discover' level='info' timestamp='2026-08-19T10:55:19.840210Z'
url='https://www.worldofspectrum.org//pub/sinclair/games/a/AventuraEspacialLa.dsk.zip' tier='archive' title='La Aventura Espacial' event='discovered_source' logger='daad_harvester.discover' level='info' timestamp='2026-08-19T10:55:19.841479Z'
url='https://www.worldofspectrum.org//pub/sinclair/games/a/AventuraEspacialLaPart1.tap.zip' tier='archive' title='La Aventura Espacial' event='discovered_source' logger='daad_harvester.discover' level='info' timestamp='2026-08-19T10:55:19.842548Z'
url='https://www.worldofspectrum.org//pub/sinclair/games/a/AventuraEspacialLaPart2.tap.zip' tier='archive' title='La Aventura Espacial' event='discovered_source' logger='daad_harvester.discover' level='info' timestamp='2026-08-19T10:55:19.843633Z'
url='https://www.worldofspectrum.org//pub/sinclair/games/a/AventuraEspacialLa(IBSA).tzx.zip' tier='archive' title='La Aventura Espacial' event='discovered_source' logger='daad_harvester.discover' level='info' timestamp='2026-08-19T10:55:19.844741Z'
url='https://worldofspectrum.org/archive/software/text-adventures/la-aventura-original-aventuras-ad-sa' attempt=1 event='fetching_discovery_url' logger='daad_harvester.discover' level='info' timestamp='2026-08-19T10:55:19.845549Z'
HTTP Request: GET https://archive.org/metadata/Aventura_Espacial_La_1990_Aventuras_AD_es_cpm_version "HTTP/1.1 200 OK"
url='https://archive.org/download/Aventura_Espacial_La_1990_Aventuras_AD_es_cpm_version/Aventura_Espacial_La_1990_Aventuras_AD_es_cpm_version.dsk' tier='archive' title='La Aventura Espacial' event='discovered_source' logger='daad_harvester.discover' level='info' timestamp='2026-08-19T10:55:20.234125Z'
url='https://archive.org/download/Aventura_Espacial_La_1990_Aventuras_AD_es_cpm_version/Aventura_Espacial_La_1990_Aventuras_AD_es_cpm_version_archive.torrent' event='skipping_non_artifact_source' logger='daad_harvester.discover' level='info' timestamp='2026-08-19T10:55:20.234292Z'
url='https://archive.org/download/Aventura_Espacial_La_1990_Aventuras_AD_es_cpm_version/Aventura_Espacial_La_1990_Aventuras_AD_es_cpm_version_files.xml' event='skipping_non_artifact_source' logger='daad_harvester.discover' level='info' timestamp='2026-08-19T10:55:20.234357Z'
url='https://archive.org/download/Aventura_Espacial_La_1990_Aventuras_AD_es_cpm_version/Aventura_Espacial_La_1990_Aventuras_AD_es_cpm_version_meta.sqlite' event='skipping_non_artifact_source' logger='daad_harvester.discover' level='info' timestamp='2026-08-19T10:55:20.234420Z'
url='https://archive.org/download/Aventura_Espacial_La_1990_Aventuras_AD_es_cpm_version/Aventura_Espacial_La_1990_Aventuras_AD_es_cpm_version_meta.xml' event='skipping_non_artifact_source' logger='daad_harvester.discover' level='info' timestamp='2026-08-19T10:55:20.234516Z'
url='https://archive.org/download/Aventura_Espacial_La_1990_Aventuras_AD_es_cpm_version/Aventura_Espacial_La_1990_Aventuras_AD_es_cpm_version_screenshot.png' event='skipping_non_artifact_source' logger='daad_harvester.discover' level='info' timestamp='2026-08-19T10:55:20.234569Z'
url='https://archive.org/download/Aventura_Espacial_La_1990_Aventuras_AD_es_cpm_version/__ia_thumb.jpg' event='skipping_non_artifact_source' logger='daad_harvester.discover' level='info' timestamp='2026-08-19T10:55:20.234616Z'
url='https://archive.org/metadata/Ci-U-Than_Trilogy_III_Chichen_Itza_1992_Aventuras_AD_es' attempt=1 event='fetching_discovery_url' logger='daad_harvester.discover' level='info' timestamp='2026-08-19T10:55:20.234692Z'
HTTP Request: GET https://worldofspectrum.org/archive/software/text-adventures/la-aventura-original-aventuras-ad-sa "HTTP/1.1 200 OK"
url='https://www.worldofspectrum.org//pub/sinclair/games/a/AventuraOriginalLa.tzx.zip' tier='archive' title='La Aventura Original' event='discovered_source' logger='daad_harvester.discover' level='info' timestamp='2026-08-19T10:55:20.759535Z'
url='https://www.worldofspectrum.org//pub/sinclair/games/a/AventuraOriginalLa.dsk.zip' tier='archive' title='La Aventura Original' event='discovered_source' logger='daad_harvester.discover' level='info' timestamp='2026-08-19T10:55:20.760779Z'
url='https://www.worldofspectrum.org//pub/sinclair/games/a/AventuraOriginalLaPart1-LaBusqueda.tap.zip' tier='archive' title='La Aventura Original' event='discovered_source' logger='daad_harvester.discover' level='info' timestamp='2026-08-19T10:55:20.761809Z'
url='https://www.worldofspectrum.org//pub/sinclair/games/a/AventuraOriginalLaPart2-ElEncuentro.tap.zip' tier='archive' title='La Aventura Original' event='discovered_source' logger='daad_harvester.discover' level='info' timestamp='2026-08-19T10:55:20.762757Z'
url='https://www.worldofspectrum.org//pub/sinclair/games/a/AventuraOriginalLa(IBSA).tzx.zip' tier='archive' title='La Aventura Original' event='discovered_source' logger='daad_harvester.discover' level='info' timestamp='2026-08-19T10:55:20.763828Z'
url='https://worldofspectrum.org/archive/software/text-adventures/la-aventura-original-ii-veinte-anos-despues-aventuras-ad-sa' attempt=1 event='fetching_discovery_url' logger='daad_harvester.discover' level='info' timestamp='2026-08-19T10:55:20.846751Z'
HTTP Request: GET https://lws.itch.io/pandemia-xxi "HTTP/1.1 200 OK"
url='https://lws.itch.io' event='skipping_non_artifact_source' logger='daad_harvester.discover' level='info' timestamp='2026-08-19T10:55:21.188941Z'
url='https://itch.io/login?intent=follow_user&return_to=https%3A%2F%2Flws.itch.io%2Fpandemia-xxi' event='skipping_non_artifact_source' logger='daad_harvester.discover' level='info' timestamp='2026-08-19T10:55:21.189162Z'
url='https://itch.io/login?intent=add_to_collection&return_to=https%3A%2F%2Flws.itch.io%2Fpandemia-xxi' event='skipping_non_artifact_source' logger='daad_harvester.discover' level='info' timestamp='2026-08-19T10:55:21.189236Z'
url='https://lws.itch.io/pandemia-xxi#comments' event='skipping_non_artifact_source' logger='daad_harvester.discover' level='info' timestamp='2026-08-19T10:55:21.189296Z'
url='https://itch.io/games-like/801495/pandemia-xxi' event='skipping_non_artifact_source' logger='daad_harvester.discover' level='info' timestamp='2026-08-19T10:55:21.189358Z'
url='https://lws.itch.io/pandemia-xxi/purchase' event='skipping_non_artifact_source' logger='daad_harvester.discover' level='info' timestamp='2026-08-19T10:55:21.189416Z'
url='javascript:void(0)' event='skipping_non_artifact_source' logger='daad_harvester.discover' level='info' timestamp='2026-08-19T10:55:21.189505Z'
url='https://itch.io/games/released' event='skipping_non_artifact_source' logger='daad_harvester.discover' level='info' timestamp='2026-08-19T10:55:21.189562Z'
url='https://lws.itch.io' event='skipping_non_artifact_source' logger='daad_harvester.discover' level='info' timestamp='2026-08-19T10:55:21.189609Z'
url='https://itch.io/games/tag-interactive-fiction' event='skipping_non_artifact_source' logger='daad_harvester.discover' level='info' timestamp='2026-08-19T10:55:21.189662Z'
url='https://itch.io/games/tag-8-bit' event='skipping_non_artifact_source' logger='daad_harvester.discover' level='info' timestamp='2026-08-19T10:55:21.189712Z'
url='https://itch.io/games/tag-8bits' event='skipping_non_artifact_source' logger='daad_harvester.discover' level='info' timestamp='2026-08-19T10:55:21.189761Z'
url='https://itch.io/games/tag-amstrad-cpc' event='skipping_non_artifact_source' logger='daad_harvester.discover' level='info' timestamp='2026-08-19T10:55:21.189810Z'
url='https://itch.io/games/tag-daad' event='skipping_non_artifact_source' logger='daad_harvester.discover' level='info' timestamp='2026-08-19T10:55:21.189863Z'
url='https://itch.io/games/tag-horror' event='skipping_non_artifact_source' logger='daad_harvester.discover' level='info' timestamp='2026-08-19T10:55:21.189912Z'
url='https://itch.io/games/tag-ludum-dare-47' event='skipping_non_artifact_source' logger='daad_harvester.discover' level='info' timestamp='2026-08-19T10:55:21.189960Z'
url='https://itch.io/games/tag-msx' event='skipping_non_artifact_source' logger='daad_harvester.discover' level='info' timestamp='2026-08-19T10:55:21.190024Z'
url='https://itch.io/games/tag-zx-spectrum' event='skipping_non_artifact_source' logger='daad_harvester.discover' level='info' timestamp='2026-08-19T10:55:21.190077Z'
url='https://lws.itch.io/pandemia-xxi/purchase' event='skipping_non_artifact_source' logger='daad_harvester.discover' level='info' timestamp='2026-08-19T10:55:21.190119Z'
url='https://itch.io/login?return_to=https%3A%2F%2Flws.itch.io%2Fpandemia-xxi' event='skipping_non_artifact_source' logger='daad_harvester.discover' level='info' timestamp='2026-08-19T10:55:21.190172Z'
url='https://itch.io/login?intent=community&return_to=https%3A%2F%2Flws.itch.io%2Fpandemia-xxi' event='skipping_non_artifact_source' logger='daad_harvester.discover' level='info' timestamp='2026-08-19T10:55:21.190225Z'
url='https://itch.io/login?intent=community&return_to=https%3A%2F%2Flws.itch.io%2Fpandemia-xxi' event='skipping_non_artifact_source' logger='daad_harvester.discover' level='info' timestamp='2026-08-19T10:55:21.190269Z'
url='https://itch.io/profile/flopping' event='skipping_non_artifact_source' logger='daad_harvester.discover' level='info' timestamp='2026-08-19T10:55:21.190320Z'
url='https://itch.io/profile/flopping' tier='forum' title='PANDEMIA XXI' event='discovered_source' logger='daad_harvester.discover' level='info' timestamp='2026-08-19T10:55:21.191041Z'
url='https://itch.io/post/13036222' event='skipping_non_artifact_source' logger='daad_harvester.discover' level='info' timestamp='2026-08-19T10:55:21.191143Z'
url='https://itch.io/login?intent=community&return_to=https%3A%2F%2Flws.itch.io%2Fpandemia-xxi' event='skipping_non_artifact_source' logger='daad_harvester.discover' level='info' timestamp='2026-08-19T10:55:21.191191Z'
url='https://img.itch.zone/aW1nLzQ0ODg0NDIuanBn/original/NP998X.jpg' event='skipping_non_artifact_source' logger='daad_harvester.discover' level='info' timestamp='2026-08-19T10:55:21.191243Z'
url='https://itch.io/' event='skipping_non_artifact_source' logger='daad_harvester.discover' level='info' timestamp='2026-08-19T10:55:21.191299Z'
url='https://itch.io/' event='skipping_non_artifact_source' logger='daad_harvester.discover' level='info' timestamp='2026-08-19T10:55:21.191342Z'
url='https://lws.itch.io' event='skipping_non_artifact_source' logger='daad_harvester.discover' level='info' timestamp='2026-08-19T10:55:21.191384Z'
url='javascript:void(0);' event='skipping_non_artifact_source' logger='daad_harvester.discover' level='info' timestamp='2026-08-19T10:55:21.191478Z'
url='javascript:void(0);' event='skipping_non_artifact_source' logger='daad_harvester.discover' level='info' timestamp='2026-08-19T10:55:21.191522Z'
url='https://itch.io/games' event='skipping_non_artifact_source' logger='daad_harvester.discover' level='info' timestamp='2026-08-19T10:55:21.191577Z'
url='https://itch.io/games/tag-interactive-fiction' event='skipping_non_artifact_source' logger='daad_harvester.discover' level='info' timestamp='2026-08-19T10:55:21.191622Z'
url='https://itch.io/games/free' event='skipping_non_artifact_source' logger='daad_harvester.discover' level='info' timestamp='2026-08-19T10:55:21.191672Z'
url='https://toni-hernandez.itch.io/el-cetro-del-sol' attempt=1 event='fetching_discovery_url' logger='daad_harvester.discover' level='info' timestamp='2026-08-19T10:55:21.191778Z'
HTTP Request: GET https://worldofspectrum.org/archive/software/text-adventures/la-aventura-original-ii-veinte-anos-despues-aventuras-ad-sa "HTTP/1.1 200 OK"
HTTP Request: GET https://toni-hernandez.itch.io/el-cetro-del-sol "HTTP/1.1 200 OK"
url='https://worldofspectrum.org/archive/software/text-adventures/los-templos-sagrados-aventuras-ad-sa' attempt=1 event='fetching_discovery_url' logger='daad_harvester.discover' level='info' timestamp='2026-08-19T10:55:21.846020Z'
url='https://toni-hernandez.itch.io' event='skipping_non_artifact_source' logger='daad_harvester.discover' level='info' timestamp='2026-08-19T10:55:21.984715Z'
url='https://itch.io/login?return_to=https%3A%2F%2Ftoni-hernandez.itch.io%2Fel-cetro-del-sol&intent=follow_user' event='skipping_non_artifact_source' logger='daad_harvester.discover' level='info' timestamp='2026-08-19T10:55:21.984904Z'
url='https://itch.io/login?return_to=https%3A%2F%2Ftoni-hernandez.itch.io%2Fel-cetro-del-sol&intent=add_to_collection' event='skipping_non_artifact_source' logger='daad_harvester.discover' level='info' timestamp='2026-08-19T10:55:21.985022Z'
url='https://toni-hernandez.itch.io/el-cetro-del-sol#comments' event='skipping_non_artifact_source' logger='daad_harvester.discover' level='info' timestamp='2026-08-19T10:55:21.985104Z'
url='https://itch.io/games-like/2563434/el-cetro-del-sol' event='skipping_non_artifact_source' logger='daad_harvester.discover' level='info' timestamp='2026-08-19T10:55:21.985169Z'
url='javascript:void(0)' event='skipping_non_artifact_source' logger='daad_harvester.discover' level='info' timestamp='2026-08-19T10:55:21.985215Z'
url='https://itch.io/games/released' event='skipping_non_artifact_source' logger='daad_harvester.discover' level='info' timestamp='2026-08-19T10:55:21.985264Z'
url='https://toni-hernandez.itch.io' event='skipping_non_artifact_source' logger='daad_harvester.discover' level='info' timestamp='2026-08-19T10:55:21.985310Z'
url='https://itch.io/games/genre-adventure' event='skipping_non_artifact_source' logger='daad_harvester.discover' level='info' timestamp='2026-08-19T10:55:21.985366Z'
url='https://itch.io/games/tag-8-bit' event='skipping_non_artifact_source' logger='daad_harvester.discover' level='info' timestamp='2026-08-19T10:55:21.985413Z'
url='https://itch.io/games/tag-aventura' event='skipping_non_artifact_source' logger='daad_harvester.discover' level='info' timestamp='2026-08-19T10:55:21.985502Z'
url='https://itch.io/games/tag-daad' event='skipping_non_artifact_source' logger='daad_harvester.discover' level='info' timestamp='2026-08-19T10:55:21.985554Z'
url='https://itch.io/games/tag-indie' event='skipping_non_artifact_source' logger='daad_harvester.discover' level='info' timestamp='2026-08-19T10:55:21.985607Z'
url='https://itch.io/games/tag-zx-spectrum' event='skipping_non_artifact_source' logger='daad_harvester.discover' level='info' timestamp='2026-08-19T10:55:21.985653Z'
url='javascript:void(0);' event='skipping_non_artifact_source' logger='daad_harvester.discover' level='info' timestamp='2026-08-19T10:55:21.985693Z'
url='https://itch.io/login?return_to=https%3A%2F%2Ftoni-hernandez.itch.io%2Fel-cetro-del-sol' event='skipping_non_artifact_source' logger='daad_harvester.discover' level='info' timestamp='2026-08-19T10:55:21.985764Z'
url='https://itch.io/login?return_to=https%3A%2F%2Ftoni-hernandez.itch.io%2Fel-cetro-del-sol&intent=community' event='skipping_non_artifact_source' logger='daad_harvester.discover' level='info' timestamp='2026-08-19T10:55:21.985821Z'
url='https://itch.io/login?return_to=https%3A%2F%2Ftoni-hernandez.itch.io%2Fel-cetro-del-sol&intent=community' event='skipping_non_artifact_source' logger='daad_harvester.discover' level='info' timestamp='2026-08-19T10:55:21.985866Z'
url='https://itch.io/profile/flopping' event='skipping_non_artifact_source' logger='daad_harvester.discover' level='info' timestamp='2026-08-19T10:55:21.985910Z'
url='https://itch.io/profile/flopping' event='skipping_duplicate_source' logger='daad_harvester.discover' level='info' timestamp='2026-08-19T10:55:21.985952Z'
url='https://itch.io/post/13036793' event='skipping_non_artifact_source' logger='daad_harvester.discover' level='info' timestamp='2026-08-19T10:55:21.986005Z'
url='https://itch.io/login?return_to=https%3A%2F%2Ftoni-hernandez.itch.io%2Fel-cetro-del-sol&intent=community' event='skipping_non_artifact_source' logger='daad_harvester.discover' level='info' timestamp='2026-08-19T10:55:21.986049Z'
url='https://itch.io/login?return_to=https%3A%2F%2Ftoni-hernandez.itch.io%2Fel-cetro-del-sol&intent=community' event='skipping_non_artifact_source' logger='daad_harvester.discover' level='info' timestamp='2026-08-19T10:55:21.986103Z'
url='https://itch.io/login?return_to=https%3A%2F%2Ftoni-hernandez.itch.io%2Fel-cetro-del-sol&intent=community' event='skipping_non_artifact_source' logger='daad_harvester.discover' level='info' timestamp='2026-08-19T10:55:21.986145Z'
url='https://itch.io/profile/playonretro' event='skipping_non_artifact_source' logger='daad_harvester.discover' level='info' timestamp='2026-08-19T10:55:21.986195Z'
url='https://itch.io/profile/playonretro' event='skipping_non_artifact_source' logger='daad_harvester.discover' level='info' timestamp='2026-08-19T10:55:21.986240Z'
url='https://itch.io/post/12454566' event='skipping_non_artifact_source' logger='daad_harvester.discover' level='info' timestamp='2026-08-19T10:55:21.986292Z'
url='http://www.playonretro.com' tier='forum' title='El Cetro del Sol' event='discovered_source' logger='daad_harvester.discover' level='info' timestamp='2026-08-19T10:55:21.986987Z'
url='https://itch.io/login?return_to=https%3A%2F%2Ftoni-hernandez.itch.io%2Fel-cetro-del-sol&intent=community' event='skipping_non_artifact_source' logger='daad_harvester.discover' level='info' timestamp='2026-08-19T10:55:21.987121Z'
url='https://itch.io/login?return_to=https%3A%2F%2Ftoni-hernandez.itch.io%2Fel-cetro-del-sol&intent=community' event='skipping_non_artifact_source' logger='daad_harvester.discover' level='info' timestamp='2026-08-19T10:55:21.987179Z'
url='https://itch.io/login?return_to=https%3A%2F%2Ftoni-hernandez.itch.io%2Fel-cetro-del-sol&intent=community' event='skipping_non_artifact_source' logger='daad_harvester.discover' level='info' timestamp='2026-08-19T10:55:21.987230Z'
url='https://itch.io/profile/toni-hernandez' event='skipping_non_artifact_source' logger='daad_harvester.discover' level='info' timestamp='2026-08-19T10:55:21.987306Z'
url='https://itch.io/profile/toni-hernandez' event='skipping_non_artifact_source' logger='daad_harvester.discover' level='info' timestamp='2026-08-19T10:55:21.987367Z'
url='https://itch.io/post/12456151' event='skipping_non_artifact_source' logger='daad_harvester.discover' level='info' timestamp='2026-08-19T10:55:21.987455Z'
url='https://itch.io/login?return_to=https%3A%2F%2Ftoni-hernandez.itch.io%2Fel-cetro-del-sol&intent=community' event='skipping_non_artifact_source' logger='daad_harvester.discover' level='info' timestamp='2026-08-19T10:55:21.987513Z'
url='https://itch.io/login?return_to=https%3A%2F%2Ftoni-hernandez.itch.io%2Fel-cetro-del-sol&intent=community' event='skipping_non_artifact_source' logger='daad_harvester.discover' level='info' timestamp='2026-08-19T10:55:21.987560Z'
url='https://itch.io/login?return_to=https%3A%2F%2Ftoni-hernandez.itch.io%2Fel-cetro-del-sol&intent=community' event='skipping_non_artifact_source' logger='daad_harvester.discover' level='info' timestamp='2026-08-19T10:55:21.987619Z'
url='https://itch.io/profile/playonretro' event='skipping_non_artifact_source' logger='daad_harvester.discover' level='info' timestamp='2026-08-19T10:55:21.987663Z'
url='https://itch.io/profile/playonretro' event='skipping_non_artifact_source' logger='daad_harvester.discover' level='info' timestamp='2026-08-19T10:55:21.987707Z'
url='https://itch.io/post/12458249' event='skipping_non_artifact_source' logger='daad_harvester.discover' level='info' timestamp='2026-08-19T10:55:21.987758Z'
url='https://itch.io/login?return_to=https%3A%2F%2Ftoni-hernandez.itch.io%2Fel-cetro-del-sol&intent=community' event='skipping_non_artifact_source' logger='daad_harvester.discover' level='info' timestamp='2026-08-19T10:55:21.987803Z'
url='https://img.itch.zone/aW1hZ2UvMjU2MzQzNC8xNTI1NDY0Ny5wbmc=/original/rZZnN4.png' event='skipping_non_artifact_source' logger='daad_harvester.discover' level='info' timestamp='2026-08-19T10:55:21.987858Z'
url='https://img.itch.zone/aW1hZ2UvMjU2MzQzNC8xNTI1NDY1MC5wbmc=/original/vmjIDB.png' event='skipping_non_artifact_source' logger='daad_harvester.discover' level='info' timestamp='2026-08-19T10:55:21.987917Z'
url='https://img.itch.zone/aW1hZ2UvMjU2MzQzNC8xNTI1NDY1MS5wbmc=/original/1y5%2Bl3.png' event='skipping_non_artifact_source' logger='daad_harvester.discover' level='info' timestamp='2026-08-19T10:55:21.987985Z'
url='https://itch.io/' event='skipping_non_artifact_source' logger='daad_harvester.discover' level='info' timestamp='2026-08-19T10:55:21.988033Z'
url='https://itch.io/' event='skipping_non_artifact_source' logger='daad_harvester.discover' level='info' timestamp='2026-08-19T10:55:21.988090Z'
url='https://toni-hernandez.itch.io' event='skipping_non_artifact_source' logger='daad_harvester.discover' level='info' timestamp='2026-08-19T10:55:21.988135Z'
url='javascript:void(0);' event='skipping_non_artifact_source' logger='daad_harvester.discover' level='info' timestamp='2026-08-19T10:55:21.988173Z'
url='javascript:void(0);' event='skipping_non_artifact_source' logger='daad_harvester.discover' level='info' timestamp='2026-08-19T10:55:21.988206Z'
url='https://itch.io/games' event='skipping_non_artifact_source' logger='daad_harvester.discover' level='info' timestamp='2026-08-19T10:55:21.988249Z'
url='https://itch.io/games/genre-adventure' event='skipping_non_artifact_source' logger='daad_harvester.discover' level='info' timestamp='2026-08-19T10:55:21.988291Z'
url='https://itch.io/games/free' event='skipping_non_artifact_source' logger='daad_harvester.discover' level='info' timestamp='2026-08-19T10:55:21.988335Z'
url='https://toni-hernandez.itch.io/karhum-zx-spectrum' attempt=1 event='fetching_discovery_url' logger='daad_harvester.discover' level='info' timestamp='2026-08-19T10:55:22.193058Z'
HTTP Request: GET https://archive.org/metadata/Ci-U-Than_Trilogy_III_Chichen_Itza_1992_Aventuras_AD_es "HTTP/1.1 200 OK"
url='https://archive.org/download/Ci-U-Than_Trilogy_III_Chichen_Itza_1992_Aventuras_AD_es/Ci-U-Than_Trilogy_III_Chichen_Itza_1992_Aventuras_AD_es.dsk' tier='archive' title='Chichén Itzá' event='discovered_source' logger='daad_harvester.discover' level='info' timestamp='2026-08-19T10:55:22.638320Z'
url='https://archive.org/download/Ci-U-Than_Trilogy_III_Chichen_Itza_1992_Aventuras_AD_es/Ci-U-Than_Trilogy_III_Chichen_Itza_1992_Aventuras_AD_es_archive.torrent' event='skipping_non_artifact_source' logger='daad_harvester.discover' level='info' timestamp='2026-08-19T10:55:22.638534Z'
url='https://archive.org/download/Ci-U-Than_Trilogy_III_Chichen_Itza_1992_Aventuras_AD_es/Ci-U-Than_Trilogy_III_Chichen_Itza_1992_Aventuras_AD_es_files.xml' event='skipping_non_artifact_source' logger='daad_harvester.discover' level='info' timestamp='2026-08-19T10:55:22.638610Z'
url='https://archive.org/download/Ci-U-Than_Trilogy_III_Chichen_Itza_1992_Aventuras_AD_es/Ci-U-Than_Trilogy_III_Chichen_Itza_1992_Aventuras_AD_es_meta.sqlite' event='skipping_non_artifact_source' logger='daad_harvester.discover' level='info' timestamp='2026-08-19T10:55:22.638671Z'
url='https://archive.org/download/Ci-U-Than_Trilogy_III_Chichen_Itza_1992_Aventuras_AD_es/Ci-U-Than_Trilogy_III_Chichen_Itza_1992_Aventuras_AD_es_meta.xml' event='skipping_non_artifact_source' logger='daad_harvester.discover' level='info' timestamp='2026-08-19T10:55:22.638720Z'
url='https://archive.org/download/Ci-U-Than_Trilogy_III_Chichen_Itza_1992_Aventuras_AD_es/Ci-U-Than_Trilogy_III_Chichen_Itza_1992_Aventuras_AD_es_screenshot.png' event='skipping_non_artifact_source' logger='daad_harvester.discover' level='info' timestamp='2026-08-19T10:55:22.638767Z'
url='https://archive.org/download/Ci-U-Than_Trilogy_III_Chichen_Itza_1992_Aventuras_AD_es/__ia_thumb.jpg' event='skipping_non_artifact_source' logger='daad_harvester.discover' level='info' timestamp='2026-08-19T10:55:22.638811Z'
url='https://archive.org/metadata/Chichen_Itza_1991_Aventuras_AD_ES_cr_QTX' attempt=1 event='fetching_discovery_url' logger='daad_harvester.discover' level='info' timestamp='2026-08-19T10:55:22.638901Z'
HTTP Request: GET https://toni-hernandez.itch.io/karhum-zx-spectrum "HTTP/1.1 200 OK"
HTTP Request: GET https://worldofspectrum.org/archive/software/text-adventures/los-templos-sagrados-aventuras-ad-sa "HTTP/1.1 200 OK"
url='https://www.worldofspectrum.org//pub/sinclair/games/t/TemplosSagradosLos.tap.zip' tier='archive' title='Los Templos Sagrados' event='discovered_source' logger='daad_harvester.discover' level='info' timestamp='2026-08-19T10:55:22.838661Z'
url='https://www.worldofspectrum.org//pub/sinclair/games/t/TemplosSagradosLos.tzx.zip' tier='archive' title='Los Templos Sagrados' event='discovered_source' logger='daad_harvester.discover' level='info' timestamp='2026-08-19T10:55:22.839687Z'
url='https://toni-hernandez.itch.io' event='skipping_non_artifact_source' logger='daad_harvester.discover' level='info' timestamp='2026-08-19T10:55:22.856009Z'
url='https://itch.io/login?return_to=https%3A%2F%2Ftoni-hernandez.itch.io%2Fkarhum-zx-spectrum&intent=follow_user' event='skipping_non_artifact_source' logger='daad_harvester.discover' level='info' timestamp='2026-08-19T10:55:22.856181Z'
url='https://itch.io/login?return_to=https%3A%2F%2Ftoni-hernandez.itch.io%2Fkarhum-zx-spectrum&intent=add_to_collection' event='skipping_non_artifact_source' logger='daad_harvester.discover' level='info' timestamp='2026-08-19T10:55:22.856261Z'
url='https://toni-hernandez.itch.io/karhum-zx-spectrum#comments' event='skipping_non_artifact_source' logger='daad_harvester.discover' level='info' timestamp='2026-08-19T10:55:22.856328Z'
url='https://itch.io/games-like/2573474/karhum-zx-spectrum' event='skipping_non_artifact_source' logger='daad_harvester.discover' level='info' timestamp='2026-08-19T10:55:22.856396Z'
url='javascript:void(0)' event='skipping_non_artifact_source' logger='daad_harvester.discover' level='info' timestamp='2026-08-19T10:55:22.856498Z'
url='https://itch.io/games/released' event='skipping_non_artifact_source' logger='daad_harvester.discover' level='info' timestamp='2026-08-19T10:55:22.856563Z'
url='https://toni-hernandez.itch.io' event='skipping_non_artifact_source' logger='daad_harvester.discover' level='info' timestamp='2026-08-19T10:55:22.856612Z'
url='https://itch.io/games/genre-adventure' event='skipping_non_artifact_source' logger='daad_harvester.discover' level='info' timestamp='2026-08-19T10:55:22.856667Z'
url='https://itch.io/games/tag-8-bit' event='skipping_non_artifact_source' logger='daad_harvester.discover' level='info' timestamp='2026-08-19T10:55:22.856724Z'
url='https://itch.io/games/tag-amstrad-cpc' event='skipping_non_artifact_source' logger='daad_harvester.discover' level='info' timestamp='2026-08-19T10:55:22.856779Z'
url='https://itch.io/games/tag-aventura' event='skipping_non_artifact_source' logger='daad_harvester.discover' level='info' timestamp='2026-08-19T10:55:22.856833Z'
url='https://itch.io/games/tag-daad' event='skipping_non_artifact_source' logger='daad_harvester.discover' level='info' timestamp='2026-08-19T10:55:22.856896Z'
url='https://itch.io/games/tag-indie' event='skipping_non_artifact_source' logger='daad_harvester.discover' level='info' timestamp='2026-08-19T10:55:22.856948Z'
url='javascript:void(0);' event='skipping_non_artifact_source' logger='daad_harvester.discover' level='info' timestamp='2026-08-19T10:55:22.857035Z'
url='https://itch.io/login?return_to=https%3A%2F%2Ftoni-hernandez.itch.io%2Fkarhum-zx-spectrum' event='skipping_non_artifact_source' logger='daad_harvester.discover' level='info' timestamp='2026-08-19T10:55:22.857108Z'
url='https://itch.io/login?return_to=https%3A%2F%2Ftoni-hernandez.itch.io%2Fkarhum-zx-spectrum&intent=community' event='skipping_non_artifact_source' logger='daad_harvester.discover' level='info' timestamp='2026-08-19T10:55:22.857176Z'
url='https://itch.io/login?return_to=https%3A%2F%2Ftoni-hernandez.itch.io%2Fkarhum-zx-spectrum&intent=community' event='skipping_non_artifact_source' logger='daad_harvester.discover' level='info' timestamp='2026-08-19T10:55:22.857226Z'
url='https://itch.io/profile/flopping' event='skipping_non_artifact_source' logger='daad_harvester.discover' level='info' timestamp='2026-08-19T10:55:22.857282Z'
url='https://itch.io/profile/flopping' event='skipping_duplicate_source' logger='daad_harvester.discover' level='info' timestamp='2026-08-19T10:55:22.857329Z'
url='https://itch.io/post/12927977' event='skipping_non_artifact_source' logger='daad_harvester.discover' level='info' timestamp='2026-08-19T10:55:22.857381Z'
url='https://itch.io/login?return_to=https%3A%2F%2Ftoni-hernandez.itch.io%2Fkarhum-zx-spectrum&intent=community' event='skipping_non_artifact_source' logger='daad_harvester.discover' level='info' timestamp='2026-08-19T10:55:22.857443Z'
url='https://img.itch.zone/aW1hZ2UvMjU3MzQ3NC8xNTMxNzQzNi5wbmc=/original/N%2BF29G.png' event='skipping_non_artifact_source' logger='daad_harvester.discover' level='info' timestamp='2026-08-19T10:55:22.857526Z'
url='https://img.itch.zone/aW1hZ2UvMjU3MzQ3NC8xNTMxNzQzNy5wbmc=/original/GLFSDj.png' event='skipping_non_artifact_source' logger='daad_harvester.discover' level='info' timestamp='2026-08-19T10:55:22.857583Z'
url='https://img.itch.zone/aW1hZ2UvMjU3MzQ3NC8xNTMxNzQzOS5wbmc=/original/eeRr%2Fb.png' event='skipping_non_artifact_source' logger='daad_harvester.discover' level='info' timestamp='2026-08-19T10:55:22.857643Z'
url='https://img.itch.zone/aW1hZ2UvMjU3MzQ3NC8xNTMxNzQ0Mi5wbmc=/original/HfzsPJ.png' event='skipping_non_artifact_source' logger='daad_harvester.discover' level='info' timestamp='2026-08-19T10:55:22.857697Z'
url='https://itch.io/' event='skipping_non_artifact_source' logger='daad_harvester.discover' level='info' timestamp='2026-08-19T10:55:22.857754Z'
url='https://itch.io/' event='skipping_non_artifact_source' logger='daad_harvester.discover' level='info' timestamp='2026-08-19T10:55:22.857803Z'
url='https://toni-hernandez.itch.io' event='skipping_non_artifact_source' logger='daad_harvester.discover' level='info' timestamp='2026-08-19T10:55:22.857848Z'
url='javascript:void(0);' event='skipping_non_artifact_source' logger='daad_harvester.discover' level='info' timestamp='2026-08-19T10:55:22.857885Z'
url='javascript:void(0);' event='skipping_non_artifact_source' logger='daad_harvester.discover' level='info' timestamp='2026-08-19T10:55:22.857918Z'
url='https://itch.io/games' event='skipping_non_artifact_source' logger='daad_harvester.discover' level='info' timestamp='2026-08-19T10:55:22.857969Z'
url='https://itch.io/games/genre-adventure' event='skipping_non_artifact_source' logger='daad_harvester.discover' level='info' timestamp='2026-08-19T10:55:22.858014Z'
url='https://itch.io/games/free' event='skipping_non_artifact_source' logger='daad_harvester.discover' level='info' timestamp='2026-08-19T10:55:22.858077Z'
url='https://itch.io/games/tag-daad-ready' attempt=1 event='fetching_discovery_url' logger='daad_harvester.discover' level='info' timestamp='2026-08-19T10:55:22.858319Z'
url='https://worldofspectrum.org/archive/software/text-adventures/sabotaje-aventuras-ad-sa' attempt=1 event='fetching_discovery_url' logger='daad_harvester.discover' level='info' timestamp='2026-08-19T10:55:22.859302Z'
HTTP Request: GET https://archive.org/metadata/Chichen_Itza_1991_Aventuras_AD_ES_cr_QTX "HTTP/1.1 200 OK"
url='https://archive.org/download/Chichen_Itza_1991_Aventuras_AD_ES_cr_QTX/00_coverscreenshot.png' event='skipping_non_artifact_source' logger='daad_harvester.discover' level='info' timestamp='2026-08-19T10:55:23.628130Z'
url='https://archive.org/download/Chichen_Itza_1991_Aventuras_AD_ES_cr_QTX/00_coverscreenshot_thumb.jpg' event='skipping_non_artifact_source' logger='daad_harvester.discover' level='info' timestamp='2026-08-19T10:55:23.628243Z'
url='https://archive.org/download/Chichen_Itza_1991_Aventuras_AD_ES_cr_QTX/Chichen_Itza_1991_Aventuras_AD_ES_cr_QTX.adf' tier='archive' title='Chichén Itzá' event='discovered_source' logger='daad_harvester.discover' level='info' timestamp='2026-08-19T10:55:23.629562Z'
url='https://archive.org/download/Chichen_Itza_1991_Aventuras_AD_ES_cr_QTX/Chichen_Itza_1991_Aventuras_AD_ES_cr_QTX_files.xml' event='skipping_non_artifact_source' logger='daad_harvester.discover' level='info' timestamp='2026-08-19T10:55:23.629704Z'
url='https://archive.org/download/Chichen_Itza_1991_Aventuras_AD_ES_cr_QTX/Chichen_Itza_1991_Aventuras_AD_ES_cr_QTX_meta.sqlite' event='skipping_non_artifact_source' logger='daad_harvester.discover' level='info' timestamp='2026-08-19T10:55:23.629768Z'
url='https://archive.org/download/Chichen_Itza_1991_Aventuras_AD_ES_cr_QTX/Chichen_Itza_1991_Aventuras_AD_ES_cr_QTX_meta.xml' event='skipping_non_artifact_source' logger='daad_harvester.discover' level='info' timestamp='2026-08-19T10:55:23.629816Z'
url='https://archive.org/download/Chichen_Itza_1991_Aventuras_AD_ES_cr_QTX/Chichen_Itza_1991_Aventuras_AD_ES_cr_QTX_screenshot.gif' event='skipping_non_artifact_source' logger='daad_harvester.discover' level='info' timestamp='2026-08-19T10:55:23.629863Z'
url='https://archive.org/download/Chichen_Itza_1991_Aventuras_AD_ES_cr_QTX/__ia_thumb.jpg' event='skipping_non_artifact_source' logger='daad_harvester.discover' level='info' timestamp='2026-08-19T10:55:23.629908Z'
url='https://archive.org/download/Chichen_Itza_1991_Aventuras_AD_ES_cr_QTX/screenshot_00.png' event='skipping_non_artifact_source' logger='daad_harvester.discover' level='info' timestamp='2026-08-19T10:55:23.629953Z'
url='https://archive.org/download/Chichen_Itza_1991_Aventuras_AD_ES_cr_QTX/screenshot_00_thumb.jpg' event='skipping_non_artifact_source' logger='daad_harvester.discover' level='info' timestamp='2026-08-19T10:55:23.629997Z'
url='https://archive.org/download/Chichen_Itza_1991_Aventuras_AD_ES_cr_QTX/screenshot_01.png' event='skipping_non_artifact_source' logger='daad_harvester.discover' level='info' timestamp='2026-08-19T10:55:23.630040Z'
url='https://archive.org/download/Chichen_Itza_1991_Aventuras_AD_ES_cr_QTX/screenshot_01_thumb.jpg' event='skipping_non_artifact_source' logger='daad_harvester.discover' level='info' timestamp='2026-08-19T10:55:23.630100Z'
url='https://archive.org/download/Chichen_Itza_1991_Aventuras_AD_ES_cr_QTX/screenshot_02.png' event='skipping_non_artifact_source' logger='daad_harvester.discover' level='info' timestamp='2026-08-19T10:55:23.630143Z'
url='https://archive.org/download/Chichen_Itza_1991_Aventuras_AD_ES_cr_QTX/screenshot_02_thumb.jpg' event='skipping_non_artifact_source' logger='daad_harvester.discover' level='info' timestamp='2026-08-19T10:55:23.630185Z'
url='https://archive.org/download/Chichen_Itza_1991_Aventuras_AD_ES_cr_QTX/screenshot_03.png' event='skipping_non_artifact_source' logger='daad_harvester.discover' level='info' timestamp='2026-08-19T10:55:23.630227Z'
url='https://archive.org/download/Chichen_Itza_1991_Aventuras_AD_ES_cr_QTX/screenshot_03_thumb.jpg' event='skipping_non_artifact_source' logger='daad_harvester.discover' level='info' timestamp='2026-08-19T10:55:23.630269Z'
url='https://archive.org/download/Chichen_Itza_1991_Aventuras_AD_ES_cr_QTX/screenshot_04.png' event='skipping_non_artifact_source' logger='daad_harvester.discover' level='info' timestamp='2026-08-19T10:55:23.630322Z'
url='https://archive.org/download/Chichen_Itza_1991_Aventuras_AD_ES_cr_QTX/screenshot_04_thumb.jpg' event='skipping_non_artifact_source' logger='daad_harvester.discover' level='info' timestamp='2026-08-19T10:55:23.630365Z'
url='https://archive.org/download/Chichen_Itza_1991_Aventuras_AD_ES_cr_QTX/screenshot_05.png' event='skipping_non_artifact_source' logger='daad_harvester.discover' level='info' timestamp='2026-08-19T10:55:23.630405Z'
url='https://archive.org/download/Chichen_Itza_1991_Aventuras_AD_ES_cr_QTX/screenshot_05_thumb.jpg' event='skipping_non_artifact_source' logger='daad_harvester.discover' level='info' timestamp='2026-08-19T10:55:23.630488Z'
url='https://archive.org/download/Chichen_Itza_1991_Aventuras_AD_ES_cr_QTX/screenshot_06.png' event='skipping_non_artifact_source' logger='daad_harvester.discover' level='info' timestamp='2026-08-19T10:55:23.630537Z'
url='https://archive.org/download/Chichen_Itza_1991_Aventuras_AD_ES_cr_QTX/screenshot_06_thumb.jpg' event='skipping_non_artifact_source' logger='daad_harvester.discover' level='info' timestamp='2026-08-19T10:55:23.630581Z'
url='https://archive.org/download/Chichen_Itza_1991_Aventuras_AD_ES_cr_QTX/screenshot_07.png' event='skipping_non_artifact_source' logger='daad_harvester.discover' level='info' timestamp='2026-08-19T10:55:23.630623Z'
url='https://archive.org/download/Chichen_Itza_1991_Aventuras_AD_ES_cr_QTX/screenshot_07_thumb.jpg' event='skipping_non_artifact_source' logger='daad_harvester.discover' level='info' timestamp='2026-08-19T10:55:23.630666Z'
url='https://archive.org/download/Chichen_Itza_1991_Aventuras_AD_ES_cr_QTX/screenshot_08.png' event='skipping_non_artifact_source' logger='daad_harvester.discover' level='info' timestamp='2026-08-19T10:55:23.630707Z'
url='https://archive.org/download/Chichen_Itza_1991_Aventuras_AD_ES_cr_QTX/screenshot_08_thumb.jpg' event='skipping_non_artifact_source' logger='daad_harvester.discover' level='info' timestamp='2026-08-19T10:55:23.630758Z'
url='https://archive.org/download/Chichen_Itza_1991_Aventuras_AD_ES_cr_QTX/screenshot_09.png' event='skipping_non_artifact_source' logger='daad_harvester.discover' level='info' timestamp='2026-08-19T10:55:23.630810Z'
url='https://archive.org/download/Chichen_Itza_1991_Aventuras_AD_ES_cr_QTX/screenshot_09_thumb.jpg' event='skipping_non_artifact_source' logger='daad_harvester.discover' level='info' timestamp='2026-08-19T10:55:23.630864Z'
url='https://archive.org/metadata/Aventura_Espacial_La_La_Conga_vs_El_Celo_1990_Aventuras_AD_es_cr_TRCTBI' attempt=1 event='fetching_discovery_url' logger='daad_harvester.discover' level='info' timestamp='2026-08-19T10:55:23.639179Z'
HTTP Request: GET https://worldofspectrum.org/archive/software/text-adventures/sabotaje-aventuras-ad-sa "HTTP/1.1 200 OK"
HTTP Request: GET https://itch.io/games/tag-daad-ready "HTTP/1.1 200 OK"
url='https://qladventures.itch.io/finding-evan' attempt=1 event='fetching_discovery_url' logger='daad_harvester.discover' level='info' timestamp='2026-08-19T10:55:24.627556Z'
HTTP Request: GET https://archive.org/metadata/Aventura_Espacial_La_La_Conga_vs_El_Celo_1990_Aventuras_AD_es_cr_TRCTBI "HTTP/1.1 200 OK"
url='https://archive.org/download/Aventura_Espacial_La_La_Conga_vs_El_Celo_1990_Aventuras_AD_es_cr_TRCTBI/00_coverscreenshot.png' event='skipping_non_artifact_source' logger='daad_harvester.discover' level='info' timestamp='2026-08-19T10:55:24.639748Z'
url='https://archive.org/download/Aventura_Espacial_La_La_Conga_vs_El_Celo_1990_Aventuras_AD_es_cr_TRCTBI/00_coverscreenshot_thumb.jpg' event='skipping_non_artifact_source' logger='daad_harvester.discover' level='info' timestamp='2026-08-19T10:55:24.639862Z'
url='https://archive.org/download/Aventura_Espacial_La_La_Conga_vs_El_Celo_1990_Aventuras_AD_es_cr_TRCTBI/Aventura_Espacial_La_La_Conga_vs_El_Celo_1990_Aventuras_AD_es_cr_TRCTBI.d64' tier='archive' title='La Aventura Espacial' event='discovered_source' logger='daad_harvester.discover' level='info' timestamp='2026-08-19T10:55:24.641240Z'
url='https://archive.org/download/Aventura_Espacial_La_La_Conga_vs_El_Celo_1990_Aventuras_AD_es_cr_TRCTBI/Aventura_Espacial_La_La_Conga_vs_El_Celo_1990_Aventuras_AD_es_cr_TRCTBI_archive.torrent' event='skipping_non_artifact_source' logger='daad_harvester.discover' level='info' timestamp='2026-08-19T10:55:24.641388Z'
url='https://archive.org/download/Aventura_Espacial_La_La_Conga_vs_El_Celo_1990_Aventuras_AD_es_cr_TRCTBI/Aventura_Espacial_La_La_Conga_vs_El_Celo_1990_Aventuras_AD_es_cr_TRCTBI_files.xml' event='skipping_non_artifact_source' logger='daad_harvester.discover' level='info' timestamp='2026-08-19T10:55:24.641488Z'
url='https://archive.org/download/Aventura_Espacial_La_La_Conga_vs_El_Celo_1990_Aventuras_AD_es_cr_TRCTBI/Aventura_Espacial_La_La_Conga_vs_El_Celo_1990_Aventuras_AD_es_cr_TRCTBI_meta.sqlite' event='skipping_non_artifact_source' logger='daad_harvester.discover' level='info' timestamp='2026-08-19T10:55:24.641546Z'
url='https://archive.org/download/Aventura_Espacial_La_La_Conga_vs_El_Celo_1990_Aventuras_AD_es_cr_TRCTBI/Aventura_Espacial_La_La_Conga_vs_El_Celo_1990_Aventuras_AD_es_cr_TRCTBI_meta.xml' event='skipping_non_artifact_source' logger='daad_harvester.discover' level='info' timestamp='2026-08-19T10:55:24.641595Z'
url='https://archive.org/download/Aventura_Espacial_La_La_Conga_vs_El_Celo_1990_Aventuras_AD_es_cr_TRCTBI/Aventura_Espacial_La_La_Conga_vs_El_Celo_1990_Aventuras_AD_es_cr_TRCTBI_screenshot.gif' event='skipping_non_artifact_source' logger='daad_harvester.discover' level='info' timestamp='2026-08-19T10:55:24.641642Z'
url='https://archive.org/download/Aventura_Espacial_La_La_Conga_vs_El_Celo_1990_Aventuras_AD_es_cr_TRCTBI/__ia_thumb.jpg' event='skipping_non_artifact_source' logger='daad_harvester.discover' level='info' timestamp='2026-08-19T10:55:24.641687Z'
url='https://archive.org/download/Aventura_Espacial_La_La_Conga_vs_El_Celo_1990_Aventuras_AD_es_cr_TRCTBI/screenshot_00.png' event='skipping_non_artifact_source' logger='daad_harvester.discover' level='info' timestamp='2026-08-19T10:55:24.641731Z'
url='https://archive.org/download/Aventura_Espacial_La_La_Conga_vs_El_Celo_1990_Aventuras_AD_es_cr_TRCTBI/screenshot_00_thumb.jpg' event='skipping_non_artifact_source' logger='daad_harvester.discover' level='info' timestamp='2026-08-19T10:55:24.641776Z'
url='https://archive.org/download/Aventura_Espacial_La_La_Conga_vs_El_Celo_1990_Aventuras_AD_es_cr_TRCTBI/screenshot_01.png' event='skipping_non_artifact_source' logger='daad_harvester.discover' level='info' timestamp='2026-08-19T10:55:24.641819Z'
url='https://archive.org/download/Aventura_Espacial_La_La_Conga_vs_El_Celo_1990_Aventuras_AD_es_cr_TRCTBI/screenshot_01_thumb.jpg' event='skipping_non_artifact_source' logger='daad_harvester.discover' level='info' timestamp='2026-08-19T10:55:24.641891Z'
url='https://archive.org/download/Aventura_Espacial_La_La_Conga_vs_El_Celo_1990_Aventuras_AD_es_cr_TRCTBI/screenshot_02.png' event='skipping_non_artifact_source' logger='daad_harvester.discover' level='info' timestamp='2026-08-19T10:55:24.641937Z'
url='https://archive.org/download/Aventura_Espacial_La_La_Conga_vs_El_Celo_1990_Aventuras_AD_es_cr_TRCTBI/screenshot_02_thumb.jpg' event='skipping_non_artifact_source' logger='daad_harvester.discover' level='info' timestamp='2026-08-19T10:55:24.641978Z'
url='https://archive.org/download/Aventura_Espacial_La_La_Conga_vs_El_Celo_1990_Aventuras_AD_es_cr_TRCTBI/screenshot_03.png' event='skipping_non_artifact_source' logger='daad_harvester.discover' level='info' timestamp='2026-08-19T10:55:24.642022Z'
url='https://archive.org/download/Aventura_Espacial_La_La_Conga_vs_El_Celo_1990_Aventuras_AD_es_cr_TRCTBI/screenshot_03_thumb.jpg' event='skipping_non_artifact_source' logger='daad_harvester.discover' level='info' timestamp='2026-08-19T10:55:24.642079Z'
url='https://archive.org/download/Aventura_Espacial_La_La_Conga_vs_El_Celo_1990_Aventuras_AD_es_cr_TRCTBI/screenshot_04.png' event='skipping_non_artifact_source' logger='daad_harvester.discover' level='info' timestamp='2026-08-19T10:55:24.642122Z'
url='https://archive.org/download/Aventura_Espacial_La_La_Conga_vs_El_Celo_1990_Aventuras_AD_es_cr_TRCTBI/screenshot_04_thumb.jpg' event='skipping_non_artifact_source' logger='daad_harvester.discover' level='info' timestamp='2026-08-19T10:55:24.642171Z'
url='https://archive.org/download/Aventura_Espacial_La_La_Conga_vs_El_Celo_1990_Aventuras_AD_es_cr_TRCTBI/screenshot_05.png' event='skipping_non_artifact_source' logger='daad_harvester.discover' level='info' timestamp='2026-08-19T10:55:24.642214Z'
url='https://archive.org/download/Aventura_Espacial_La_La_Conga_vs_El_Celo_1990_Aventuras_AD_es_cr_TRCTBI/screenshot_05_thumb.jpg' event='skipping_non_artifact_source' logger='daad_harvester.discover' level='info' timestamp='2026-08-19T10:55:24.642257Z'
url='https://archive.org/download/Aventura_Espacial_La_La_Conga_vs_El_Celo_1990_Aventuras_AD_es_cr_TRCTBI/screenshot_06.png' event='skipping_non_artifact_source' logger='daad_harvester.discover' level='info' timestamp='2026-08-19T10:55:24.642300Z'
url='https://archive.org/download/Aventura_Espacial_La_La_Conga_vs_El_Celo_1990_Aventuras_AD_es_cr_TRCTBI/screenshot_06_thumb.jpg' event='skipping_non_artifact_source' logger='daad_harvester.discover' level='info' timestamp='2026-08-19T10:55:24.642342Z'
url='https://archive.org/download/Aventura_Espacial_La_La_Conga_vs_El_Celo_1990_Aventuras_AD_es_cr_TRCTBI/screenshot_07.png' event='skipping_non_artifact_source' logger='daad_harvester.discover' level='info' timestamp='2026-08-19T10:55:24.642384Z'
url='https://archive.org/download/Aventura_Espacial_La_La_Conga_vs_El_Celo_1990_Aventuras_AD_es_cr_TRCTBI/screenshot_07_thumb.jpg' event='skipping_non_artifact_source' logger='daad_harvester.discover' level='info' timestamp='2026-08-19T10:55:24.642445Z'
url='https://archive.org/advancedsearch.php?q=title%3A%28%22DAAD+Ready%22%29+AND+mediatype%3Asoftware&fl%5B%5D=identifier&fl%5B%5D=title&rows=50&page=1&output=json' attempt=1 event='fetching_discovery_url' logger='daad_harvester.discover' level='info' timestamp='2026-08-19T10:55:24.642561Z'
HTTP Request: GET https://archive.org/advancedsearch.php?q=title%3A%28%22DAAD+Ready%22%29+AND+mediatype%3Asoftware&fl%5B%5D=identifier&fl%5B%5D=title&rows=50&page=1&output=json "HTTP/1.1 200 OK"
url='https://archive.org/advancedsearch.php?q=creator%3A%28%22Aventuras+AD%22%29+AND+mediatype%3Asoftware&fl%5B%5D=identifier&fl%5B%5D=title&rows=50&page=1&output=json' attempt=1 event='fetching_discovery_url' logger='daad_harvester.discover' level='info' timestamp='2026-08-19T10:55:25.643483Z'
HTTP Request: GET https://archive.org/advancedsearch.php?q=creator%3A%28%22Aventuras+AD%22%29+AND+mediatype%3Asoftware&fl%5B%5D=identifier&fl%5B%5D=title&rows=50&page=1&output=json "HTTP/1.1 200 OK"
HTTP Request: GET https://qladventures.itch.io/finding-evan "HTTP/1.1 200 OK"
url='https://qladventures.itch.io' event='skipping_non_artifact_source' logger='daad_harvester.discover' level='info' timestamp='2026-08-19T10:55:27.148393Z'
url='https://itch.io/login?return_to=https%3A%2F%2Fqladventures.itch.io%2Ffinding-evan&intent=follow_user' event='skipping_non_artifact_source' logger='daad_harvester.discover' level='info' timestamp='2026-08-19T10:55:27.148673Z'
url='https://itch.io/login?return_to=https%3A%2F%2Fqladventures.itch.io%2Ffinding-evan&intent=add_to_collection' event='skipping_non_artifact_source' logger='daad_harvester.discover' level='info' timestamp='2026-08-19T10:55:27.148772Z'
url='https://qladventures.itch.io/finding-evan#comments' event='skipping_non_artifact_source' logger='daad_harvester.discover' level='info' timestamp='2026-08-19T10:55:27.148853Z'
url='https://itch.io/games-like/3912370/finding-evan' event='skipping_non_artifact_source' logger='daad_harvester.discover' level='info' timestamp='2026-08-19T10:55:27.148931Z'
url='https://www.kevinrob.com/about' event='skipping_non_artifact_source' logger='daad_harvester.discover' level='info' timestamp='2026-08-19T10:55:27.149099Z'
url='https://alanpemberton.wuaze.com' event='skipping_non_artifact_source' logger='daad_harvester.discover' level='info' timestamp='2026-08-19T10:55:27.149176Z'
url='https://adventuron.io' event='skipping_non_artifact_source' logger='daad_harvester.discover' level='info' timestamp='2026-08-19T10:55:27.149261Z'
url='https://adventuron.itch.io/' event='skipping_non_artifact_source' logger='daad_harvester.discover' level='info' timestamp='2026-08-19T10:55:27.149337Z'
url='https://adventuron.io/documentation/8bit.html' event='skipping_non_artifact_source' logger='daad_harvester.discover' level='info' timestamp='2026-08-19T10:55:27.149412Z'
url='javascript:void(0)' event='skipping_non_artifact_source' logger='daad_harvester.discover' level='info' timestamp='2026-08-19T10:55:27.149509Z'
url='https://itch.io/games/released' event='skipping_non_artifact_source' logger='daad_harvester.discover' level='info' timestamp='2026-08-19T10:55:27.149584Z'
url='https://itch.io/games/html5' event='skipping_non_artifact_source' logger='daad_harvester.discover' level='info' timestamp='2026-08-19T10:55:27.149653Z'
url='https://qladventures.itch.io' event='skipping_non_artifact_source' logger='daad_harvester.discover' level='info' timestamp='2026-08-19T10:55:27.149713Z'
url='https://itch.io/games/genre-adventure' event='skipping_non_artifact_source' logger='daad_harvester.discover' level='info' timestamp='2026-08-19T10:55:27.149773Z'
url='https://itch.io/games/tag-adventuron' event='skipping_non_artifact_source' logger='daad_harvester.discover' level='info' timestamp='2026-08-19T10:55:27.149843Z'
url='https://itch.io/games/tag-daad-ready' event='skipping_non_artifact_source' logger='daad_harvester.discover' level='info' timestamp='2026-08-19T10:55:27.149906Z'
url='https://itch.io/games/tag-illustrated' event='skipping_non_artifact_source' logger='daad_harvester.discover' level='info' timestamp='2026-08-19T10:55:27.149961Z'
url='https://itch.io/games/tag-text-based' event='skipping_non_artifact_source' logger='daad_harvester.discover' level='info' timestamp='2026-08-19T10:55:27.150012Z'
url='https://itch.io/games/tag-zx-spectrum' event='skipping_non_artifact_source' logger='daad_harvester.discover' level='info' timestamp='2026-08-19T10:55:27.150068Z'
url='https://itch.io/games/ai-assisted' event='skipping_non_artifact_source' logger='daad_harvester.discover' level='info' timestamp='2026-08-19T10:55:27.150131Z'
url='https://itch.io/games/ai-graphics' event='skipping_non_artifact_source' logger='daad_harvester.discover' level='info' timestamp='2026-08-19T10:55:27.150203Z'
url='javascript:void(0);' event='skipping_non_artifact_source' logger='daad_harvester.discover' level='info' timestamp='2026-08-19T10:55:27.150250Z'
url='javascript:void(0);' event='skipping_non_artifact_source' logger='daad_harvester.discover' level='info' timestamp='2026-08-19T10:55:27.150285Z'
url='javascript:void(0);' event='skipping_non_artifact_source' logger='daad_harvester.discover' level='info' timestamp='2026-08-19T10:55:27.150317Z'
url='https://itch.io/login?return_to=https%3A%2F%2Fqladventures.itch.io%2Ffinding-evan' event='skipping_non_artifact_source' logger='daad_harvester.discover' level='info' timestamp='2026-08-19T10:55:27.150371Z'
url='https://itch.io/login?return_to=https%3A%2F%2Fqladventures.itch.io%2Ffinding-evan&intent=community' event='skipping_non_artifact_source' logger='daad_harvester.discover' level='info' timestamp='2026-08-19T10:55:27.150450Z'
url='https://itch.io/login?return_to=https%3A%2F%2Fqladventures.itch.io%2Ffinding-evan&intent=community' event='skipping_non_artifact_source' logger='daad_harvester.discover' level='info' timestamp='2026-08-19T10:55:27.150508Z'
url='https://itch.io/profile/leonisx' event='skipping_non_artifact_source' logger='daad_harvester.discover' level='info' timestamp='2026-08-19T10:55:27.150566Z'
url='https://itch.io/profile/leonisx' event='skipping_non_artifact_source' logger='daad_harvester.discover' level='info' timestamp='2026-08-19T10:55:27.150613Z'
url='https://itch.io/post/14747600' event='skipping_non_artifact_source' logger='daad_harvester.discover' level='info' timestamp='2026-08-19T10:55:27.150667Z'
url='https://itch.io/login?return_to=https%3A%2F%2Fqladventures.itch.io%2Ffinding-evan&intent=community' event='skipping_non_artifact_source' logger='daad_harvester.discover' level='info' timestamp='2026-08-19T10:55:27.150733Z'
url='https://itch.io/login?return_to=https%3A%2F%2Fqladventures.itch.io%2Ffinding-evan&intent=community' event='skipping_non_artifact_source' logger='daad_harvester.discover' level='info' timestamp='2026-08-19T10:55:27.150777Z'
url='https://itch.io/login?return_to=https%3A%2F%2Fqladventures.itch.io%2Ffinding-evan&intent=community' event='skipping_non_artifact_source' logger='daad_harvester.discover' level='info' timestamp='2026-08-19T10:55:27.150820Z'
url='https://itch.io/profile/qladventures' event='skipping_non_artifact_source' logger='daad_harvester.discover' level='info' timestamp='2026-08-19T10:55:27.150871Z'
url='https://itch.io/profile/qladventures' event='skipping_non_artifact_source' logger='daad_harvester.discover' level='info' timestamp='2026-08-19T10:55:27.150916Z'
url='https://itch.io/post/14747742' event='skipping_non_artifact_source' logger='daad_harvester.discover' level='info' timestamp='2026-08-19T10:55:27.150969Z'
url='https://itch.io/login?return_to=https%3A%2F%2Fqladventures.itch.io%2Ffinding-evan&intent=community' event='skipping_non_artifact_source' logger='daad_harvester.discover' level='info' timestamp='2026-08-19T10:55:27.151029Z'
url='https://img.itch.zone/aW1hZ2UvMzkxMjM3MC8yMzM0MDEzOS5wbmc=/original/9A4Pcm.png' event='skipping_non_artifact_source' logger='daad_harvester.discover' level='info' timestamp='2026-08-19T10:55:27.151109Z'
url='https://img.itch.zone/aW1hZ2UvMzkxMjM3MC8yMzM0MDE0Mi5wbmc=/original/we91K8.png' event='skipping_non_artifact_source' logger='daad_harvester.discover' level='info' timestamp='2026-08-19T10:55:27.151179Z'
url='https://img.itch.zone/aW1hZ2UvMzkxMjM3MC8yMzM0MDE0NS5wbmc=/original/g1jZsx.png' event='skipping_non_artifact_source' logger='daad_harvester.discover' level='info' timestamp='2026-08-19T10:55:27.151250Z'
url='https://img.itch.zone/aW1hZ2UvMzkxMjM3MC8yMzM0MDE0OC5wbmc=/original/aFBswU.png' event='skipping_non_artifact_source' logger='daad_harvester.discover' level='info' timestamp='2026-08-19T10:55:27.151310Z'
url='https://img.itch.zone/aW1hZ2UvMzkxMjM3MC8yMzM0MDE1MC5wbmc=/original/TqnEco.png' event='skipping_non_artifact_source' logger='daad_harvester.discover' level='info' timestamp='2026-08-19T10:55:27.151364Z'
url='https://img.itch.zone/aW1hZ2UvMzkxMjM3MC8yNDcyOTcxOC5wbmc=/original/YEQq5p.png' event='skipping_non_artifact_source' logger='daad_harvester.discover' level='info' timestamp='2026-08-19T10:55:27.151416Z'
url='https://itch.io/' event='skipping_non_artifact_source' logger='daad_harvester.discover' level='info' timestamp='2026-08-19T10:55:27.151504Z'
url='https://itch.io/' event='skipping_non_artifact_source' logger='daad_harvester.discover' level='info' timestamp='2026-08-19T10:55:27.151553Z'
url='https://qladventures.itch.io' event='skipping_non_artifact_source' logger='daad_harvester.discover' level='info' timestamp='2026-08-19T10:55:27.151600Z'
url='javascript:void(0);' event='skipping_non_artifact_source' logger='daad_harvester.discover' level='info' timestamp='2026-08-19T10:55:27.151638Z'
url='javascript:void(0);' event='skipping_non_artifact_source' logger='daad_harvester.discover' level='info' timestamp='2026-08-19T10:55:27.151673Z'
url='https://itch.io/games' event='skipping_non_artifact_source' logger='daad_harvester.discover' level='info' timestamp='2026-08-19T10:55:27.151723Z'
url='https://itch.io/games/genre-adventure' event='skipping_non_artifact_source' logger='daad_harvester.discover' level='info' timestamp='2026-08-19T10:55:27.151768Z'
url='https://itch.io/games/free' event='skipping_non_artifact_source' logger='daad_harvester.discover' level='info' timestamp='2026-08-19T10:55:27.151831Z'
url='https://itch.io/games/tag-aventuras-ad' attempt=1 event='fetching_discovery_url' logger='daad_harvester.discover' level='info' timestamp='2026-08-19T10:55:27.152110Z'
HTTP Request: GET https://itch.io/games/tag-aventuras-ad "HTTP/1.1 200 OK"
total_discovered=247 event='discovery_phase_complete' logger='daad_harvester.discover' level='info' timestamp='2026-08-19T10:55:27.727015Z'
